flight_id,callsign,aircraft_reg,aircraft_type,aircraft_address,adep,ades,ssr_codes,period_start,period_finish,source_ids
007ff753-b11d-4f88-a440-2736ebc5448f,SWR134X,HBJVC,F100,0x4B19E8,EPWA,LSZH,['0000' '2205' ''],2017-08-07T07:52:39Z,2017-08-07T09:42:07Z,['0xe628b7b' 456086]
00baef4e-048a-453f-9ef7-ded4c9a3d08c,TAP918,CSTPV,E190,0x495216,LPPR,LSZH,['0000' '4723' '1000'],2017-08-07T13:00:21Z,2017-08-07T15:03:32Z,['0xe6339d9' 462076]
011e9d2c-5518-4a5a-a47f-1141437a7cef,ELY343,NA,NA,0x738054,LLBG,LSZH,['7232' '0000' '1000'],2017-08-07T13:43:19Z,2017-08-07T17:25:44Z,[488893]
016d5ce0-6f6c-4fb0-b7ac-dcf6df6dd3d0,SXS3JQ,TCSUU,B738,0x4BCEB5,LTAI,LSZH,['0000' '3217'],2017-08-07T03:02:29Z,2017-08-07T06:53:16Z,['0xe6215ba' 475955]
01899162-03a9-4fe8-9c63-e4df886f72bf,MGX150,4OAOB,E195,0x516097,LYPG,LSZH,['2202'],2017-08-07T10:40:51Z,2017-08-07T12:16:56Z,[467188 '0xe62ded6']
01d9f901-1572-4728-8cb6-3facc4564b9c,EZY49CB,GEZAX,A319,0x400E5A,EDDB,LSZH,['0000' '1000' '5770'],2017-08-07T05:25:29Z,2017-08-07T06:56:17Z,['0xe62504e' 462637]
022790a2-19f2-475f-b938-89a9483fbb84,CTN76H,9ACQD,DH8D,0x501DC5,LDSP,LSZH,['0000' '7310' '1000'],2017-08-07T10:40:08Z,2017-08-07T12:10:47Z,['0xe62db20']
044cc181-b152-42fa-ac29-386d137dfa2b,SWR202A,HBJBG,BCS1,0x4B17E4,LEMD,LSZH,['3665' '0000' '5364' '2000'],2017-08-07T12:57:00Z,2017-08-07T16:10:38Z,['0xe633735' 478471]
062ed194-7a2f-405d-bf76-8c7a0bf463f4,FCB352,5BDDC,A320,0x4C8067,LCLK,LSZH,['2032' '2000' '5603' '1000'],2017-08-07T08:14:03Z,2017-08-07T12:24:34Z,['0xe6294ae']
0665f0bd-035e-41e9-a63c-c9bb243e9029,SWR167U,HBIYZ,RJ1H,0x4B17A9,LIRQ,LSZH,['0000' '1000'],2017-08-07T12:12:53Z,2017-08-07T13:23:16Z,['0xe631739' 475684]
076210ac-5b30-4b0b-9162-aa0d108200fa,SWR33J,HBJCA,BCS3,0x4B17F8,EGLL,LSZH,['0000' '5672' '7002'],2017-08-07T10:56:24Z,2017-08-07T13:07:02Z,['0xe62e4fe']
0797cc39-d485-4854-9058-5378a653c3a9,IBE3474,ECKKS,A319,0x34264A,LEMD,LSZH,['0000' '4650' '1000'],2017-08-07T13:51:36Z,2017-08-07T15:45:59Z,['0xe636015' 490496]
08059073-32b3-48f4-80c0-c222336de896,EDW1407,HBIJV,A320,0x4B161F,BKPR,LSZH,['0000' '1323' '4170' '7316' '0217' '1000'],2017-08-07T07:46:07Z,2017-08-07T09:59:01Z,['0xe6288db' 472846]
082fb45e-83a7-4ea5-9706-83b816dbe912,CTN464,9ACQA,DH8D,0x501DA8,LDZA,LSZH,['2221' '0000'],2017-08-07T15:57:10Z,2017-08-07T17:16:00Z,[484742 '0xe63c19c']
083e2aa1-3b26-4f1d-9eba-53d946fce4a7,SWR1193,OELGO,DH8D,0x440777,EDDN,LSZH,['6667'],2017-08-07T17:11:12Z,2017-08-07T17:50:44Z,[479618 '0xe63f613']
094eba43-7777-4297-918e-fbd7ec299051,AUA563Z,DABZJ,A320,0x3C4B4A,LOWW,LSZH,['0000' '1000' '5034'],2017-08-07T13:19:44Z,2017-08-07T14:46:26Z,['0xe634844' 481446]
09ceef1a-722e-4ace-a575-b3d83c6a41ff,PLF105,NA,NA,0x48D960,EPWA,LSZH,['6537' '1000'],2017-08-07T11:30:24Z,2017-08-07T13:04:32Z,[486212]
0a420418-4047-40d4-9352-26be058f9102,SWR193E,HBIOC,A321,0x4B168E,LEBL,LSZH,['0000' '1003' '1004'],2017-08-07T13:04:06Z,2017-08-07T14:42:04Z,['0xe633c6b' 477119]
0b1e575f-e99f-45f5-b157-135e7fb99e8a,BER3WV,DABHH,A320,0x3C4908,EDDT,LSZH,['0000' '1135'],2017-08-07T15:23:01Z,2017-08-07T16:46:11Z,['0xe63a5f7' 483238]
0b887dd1-0568-4413-aaa0-fdc7a201ddcd,OMA153,A4OSB,B788,0x70C0CE,OOMS,LSZH,['4713' '3237'],2017-08-07T11:49:04Z,2017-08-07T16:57:42Z,['0xe62de96' 486999]
0cc96aa9-640e-4f13-a848-de73bfb429da,AAL64,N393AN,B763,0xA48DFB,KJFK,LSZH,['2055' '2240'],2017-08-07T03:30:45Z,2017-08-07T05:41:38Z,[469823 '0xe616fa6']
0d3eee66-f03e-488a-b5cc-4c685b455613,DLH6HW,DAILM,A319,0x3C658D,EDDF,LSZH,['0000' '1000' '1332'],2017-08-07T07:54:13Z,2017-08-07T08:43:04Z,['0xe628c02' 474173]
0da6df84-f781-4984-a7c5-81d54ddfb4aa,SWR27B,HBJVE,F100,0x4B19EA,LIBD,LSZH,['0000' '3717' '6655' '1000'],2017-08-07T12:55:08Z,2017-08-07T14:38:13Z,['0xe6334e2' 462097]
0e01d125-00ae-4dba-bd3b-bc519f182704,SWR1661,NA,NA,0x4B17E4,LIPZ,LSZH,['0226' '6666'],2017-08-07T08:02:51Z,2017-08-07T08:51:52Z,[469380]
0e302c46-6aa2-48b8-97ee-580d2b130ed1,EZY19DU,GEZIS,A319,0x400CD2,EGKK,LSZH,['2070' '1000' '7737'],2017-08-07T17:45:08Z,2017-08-07T19:03:23Z,['0xe640b63' 481979]
0e759b97-7577-44e1-88c9-7165a762afa2,VLG248C,ECLZF,A320,0x3444C6,LEBL,LSZH,['0000' '5501' '1252'],2017-08-07T16:12:18Z,2017-08-07T17:49:24Z,['0xe63cc10' 481528]
0f74def8-0aa2-44d8-b1ce-c9182589f099,SWR170X,HBIJF,A320,0x4B160F,EDDH,LSZH,['0000' '1116' '1000'],2017-08-07T18:36:05Z,2017-08-07T19:58:24Z,['0xe643070' 485086]
0fa07c96-1b5c-493f-84b1-2f093dcbfb4c,SWR87,HBJHI,A333,0x4B1882,CYUL,LSZH,['2021' '0000' '2026'],2017-08-07T01:58:46Z,2017-08-07T04:24:34Z,[464443 '0xe615812']
11b9ba13-2f8e-479b-851a-dec21e559bf5,THY4WT,TCJMM,A321,0x4BA9AD,LTBA,LSZH,['1010' '7321' '6407' '1000'],2017-08-07T08:32:56Z,2017-08-07T11:42:56Z,['0xe629a1e' 480231]
12801ed4-f759-4f0e-a283-b904e24f8c71,SWR207U,HBJBF,BCS1,0x4B17E3,LEMD,LSZH,['3610' '5370'],2017-08-07T07:22:20Z,2017-08-07T10:07:58Z,['0xe627f5d']
142af0e9-43bb-4e7d-a66d-46414ccb39a9,SWR218R,HBIJP,A320,0x4B1619,LEVC,LSZH,['0000' '1036' '1000' '1124'],2017-08-07T04:13:57Z,2017-08-07T06:02:56Z,['0xe62319f' 463957]
15290cb9-7797-4e8a-be81-021d75e2c947,SWR136M,HBJVH,F100,0x4B19ED,EPKK,LSZH,['0000' '1072' '1000'],2017-08-07T12:42:48Z,2017-08-07T14:29:42Z,['0xe632cd0' 463891]
156d685c-8da4-4170-a8a1-facd09945b1e,SWR195H,HBIOC,A321,0x4B168E,LEBL,LSZH,['5513' '1000'],2017-08-07T08:00:05Z,2017-08-07T09:35:01Z,['0xe628e3e' 469119]
15c73014-b225-4ca0-b94f-f7ede36d30cc,HBQZE,NA,NA,0x4B2CCE,EDNY,LSZH,['0000' '7000'],2017-08-07T17:45:08Z,2017-08-07T17:51:23Z,['0xe640cc3']
15d424bb-04fc-4a13-88c1-629404852145,EDW403,HBIJU,A320,0x4B161E,BKPR,LSZH,['0000' '1322' '4172' '6530' '7316' '1000' '2054'],2017-08-07T07:43:25Z,2017-08-07T09:48:14Z,['0xe6287c5']
15eec70d-da8a-462c-825a-bf9bc8c72215,HBPMC,HBPMC,PA28,0x4B28D6,LSZC,LSZH,['7000'],2017-08-07T16:50:40Z,2017-08-07T17:43:22Z,['0xe63e4ff']
167f2995-dadb-4194-8a16-96f4a2fc5f82,GWI1FM,DAGWU,A319,0x3C5EF5,EDDH,LSZH,['0000' '1127' '7562'],2017-08-07T07:03:10Z,2017-08-07T08:17:53Z,['0xe62778d' 462909]
169e8c3a-04a7-4eae-a06a-9a1a6ca7c0e9,SWR168Y,HBJVP,E190,0x4B19F5,LIRQ,LSZH,['0000' '1000'],2017-08-07T17:03:10Z,2017-08-07T18:05:28Z,['0xe63f05a' 467627]
16cb690d-11e4-4240-9bdf-959b19459e86,GSW3019,HBJOI,A321,0x4B1938,LWSK,LSZH,['3024' '0000' '4324' '1000'],2017-08-07T15:56:22Z,2017-08-07T18:48:33Z,['0xe63bfc7' 482459]
17118aac-d38d-4462-978f-06e008fd2b78,SWR208N,HBION,A321,0x4B1699,LPPT,LSZH,['4731' '1000' '3036'],2017-08-07T14:32:45Z,2017-08-07T16:52:27Z,['0xe637de1' 478219]
17451d21-c6a8-415a-a1c4-d0ecf5ba2281,AEA1671,ECLKM,E195,0x343697,LEMD,LSZH,['5357'],2017-08-07T13:15:15Z,2017-08-07T15:16:47Z,['0xe63447a' 482775]
18028c7c-3de4-4508-a6ad-734850d0a590,AFR11EY,FGKXP,A320,0x392AEF,LFPG,LSZH,['1000'],2017-08-07T05:51:50Z,2017-08-07T06:54:44Z,['0xe6259d4' 474041]
18131e8b-6d0f-459d-b86c-a901ee5b28ee,SWR73N,HBJVF,F100,0x4B19EB,EDDF,LSZH,['1000'],2017-08-07T12:23:01Z,2017-08-07T13:07:40Z,['0xe631a7e' 461695]
191e2d0c-1340-4b1d-8865-c3d8b1da1f65,SWR104Q,HBJLR,A320,0x4B18F3,EDDL,LSZH,['1000' '5526'],2017-08-07T07:58:36Z,2017-08-07T09:08:28Z,['0xe628dd0' 468989]
1926e754-ec94-4be3-8902-dd5f842e437b,SWR1711,HBJLQ,A320,0x4B18F2,LIRN,LSZH,['1210' '1000'],2017-08-07T08:32:40Z,2017-08-07T10:02:40Z,[469725 '0xe6299b6']
1ad1140e-f244-4ce9-865f-2f67c6d30bec,SWR57L,OELGR,DH8D,0x44077A,LFLL,LSZH,['1000' '0000'],2017-08-07T18:17:22Z,2017-08-07T19:05:52Z,[482027 '0xe64241f']
1b7a0c7f-1514-4f2f-b7e2-eb214f0e3353,SWR1197,OELGI,DH8D,0x440110,EDDN,LSZH,['0000' '6651'],2017-08-07T05:11:56Z,2017-08-07T05:47:05Z,['0xe624a5f']
1bfa6f3f-442c-46b1-8451-6d03b4a33c4a,EDW21E,HBIHX,A320,0x4B15ED,LEZL,LSZH,['0000' '5305'],2017-08-07T18:20:40Z,2017-08-07T20:31:55Z,['0xe642625' 487547]
1c48252a-c372-4c13-ae65-432a8ae343f3,SWR85GK,OELGR,DH8D,0x44077A,LSZA,LSZH,['0447' '1000'],2017-08-07T08:53:45Z,2017-08-07T09:29:16Z,[466860 '0xe62a698']
1ec0df63-4fc5-4049-b58d-a5306be07876,SWR150Y,HBION,A321,0x4B1699,EDDF,LSZH,['0000' '1000'],2017-08-07T19:24:16Z,2017-08-07T20:23:04Z,['0xe645100' 486509]
1ecaca7d-1337-482a-8cc2-fb8d0049c6aa,TRA5T,PHHXJ,B738,0x4853D3,EHAM,LSZH,['1000'],2017-08-07T11:15:47Z,2017-08-07T12:30:49Z,['0xe62f211']
1f48ac79-74b0-4a4f-b8c2-2caf8dbc8ca2,SWR147W,NA,NA,0x4B160D,LROP,LSZH,['5427' '3552'],2017-08-07T13:41:05Z,2017-08-07T15:37:16Z,[477416]
1fc2ae5a-0973-48c8-9ca6-b274137486ef,SWR139,NA,NA,0x4B191A,VHHH,LSZH,['6232' '2235'],2017-08-07T02:14:38Z,2017-08-07T04:08:00Z,[458825]
20b6d329-6160-44fd-b454-98c74adc77d7,AUA55C,OELBJ,A320,0x440666,LOWW,LSZH,['1000' '2000'],2017-08-07T06:46:53Z,2017-08-07T08:07:33Z,['0xe627083' 464147]
2108e523-40cf-4d87-a84c-fc0f1601c260,EDW25,NA,NA,NA,MMUN,LSZH,['1000'],2017-08-07T13:36:17Z,2017-08-07T15:12:00Z,[469908]
214558a7-ee2e-48e0-b748-962742e8d883,EZY23EZ,YLLCN,A320,0x502CA6,EGGW,LSZH,['0000' '2272'],2017-08-07T12:14:09Z,2017-08-07T14:03:45Z,['0xe631813']
2161346b-287c-46ac-b9e8-dd950092c02d,SWR74A,HBJVC,F100,0x4B19E8,EDDV,LSZH,['1000' '0000'],2017-08-07T12:57:21Z,2017-08-07T13:58:45Z,[462347 '0xe63377f']
217dfbbc-00b6-4b69-a23b-79f9a00e691c,KLM49L,NA,NA,0x4840E6,EHAM,LSZH,['1000'],2017-08-07T10:47:38Z,2017-08-07T11:46:32Z,[481536]
23585414-08bb-42e9-a5f8-65994d46bfaf,SWR121L,HBJVL,E190,0x4B19F1,ENGM,LSZH,['3525' '3016'],2017-08-07T17:51:19Z,2017-08-07T20:08:16Z,['0xe640fa3' 468442]
2460df9f-4146-4daf-849b-3719962f7cc9,DAL407,N178DN,B763,0xA1373D,KJFK,LSZH,['2010' '3324'],2017-08-07T04:03:35Z,2017-08-07T06:25:07Z,[468505 '0xe618188']
24f67489-4547-434f-89f3-d4b13ec82d78,BER5ZC,DABNY,A320,0x3C49D9,EDDT,LSZH,['0000' '1123' '7753'],2017-08-07T05:03:11Z,2017-08-07T06:21:52Z,['0xe6246c9' 466946]
259e2adb-0ce0-4b11-9a74-26fded135da4,DLH2PM,NA,NA,0x3C4DCA,EDDM,LSZH,['1000'],2017-08-07T06:23:54Z,2017-08-07T06:57:20Z,[463156]
267afd2b-bc19-455b-a7de-a0610ffaccdf,EDW201,HBIHY,A320,0x4B15EE,GCLP,LSZH,['0000' '6222' '1000' '3034'],2017-08-07T09:51:38Z,2017-08-07T13:36:27Z,['0xe62c0c0' 477368]
26c8d281-c688-4876-97f1-910525089b0b,DLH2PM,DACNJ,CRJ9,0x3C4DCA,EDDM,LSZH,['0000' '1000'],2017-08-07T06:20:06Z,2017-08-07T06:53:18Z,['0xe626641']
2964fe00-86a9-4401-ba89-410ff3f60aca,SWR255X,HBIJN,A320,0x4B1617,LGTS,LSZH,['0000' '1753' '7376' '1000' '2065'],2017-08-07T18:19:51Z,2017-08-07T20:31:06Z,['0xe642563' 485356]
29d11b3e-ca4e-43e1-8f2b-c1c6c805ad03,BER6YL,NA,NA,0x4B169B,EDDT,LSZH,['1114'],2017-08-07T11:17:46Z,2017-08-07T12:19:32Z,[476476]
2a1d5420-82b0-4daa-bf6f-fc3ccfe3954d,ETD88V,NA,NA,0x8963CE,OMAA,LSZH,['3274' '0000'],2017-08-07T02:27:56Z,2017-08-07T04:50:00Z,[466308]
2a4be965-1329-40b0-a749-357293a72136,SAZ73,HBJRC,CL60,0x4B1980,LEGE,LSZH,['1015' '0000'],2017-08-07T17:48:10Z,2017-08-07T19:05:09Z,[498746 '0xe640f8c']
2a87388f-d700-47dd-b383-6e38ca9e31f1,EDW215,HBIJV,A320,0x4B161F,GCTS,LSZH,['0000' '4446' '1000' '3074'],2017-08-07T16:39:08Z,2017-08-07T20:35:02Z,['0xe63dfbd' 486884]
2ae39e54-3a36-4502-8c86-6ed598bdb4a7,LOT411,NA,NA,0x48978A,EPWA,LSZH,['6540' '1000'],2017-08-07T05:58:02Z,2017-08-07T07:35:08Z,[471146]
2b1bf9e9-12f3-4ff3-bb4f-52d5d003b045,THY7TM,TCJMN,A321,0x4BA9AE,LTBA,LSZH,['3212' '3227' '1454'],2017-08-07T17:31:15Z,2017-08-07T20:29:11Z,['0xe64029b' 493485]
2b4e33d5-86aa-4a31-9ce5-14e487fda29a,HBFKC,HBFKC,PC6T,0x4B0E3A,LSZC,LSZH,['0000' '4270'],2017-08-07T12:08:43Z,2017-08-07T12:25:11Z,['0xe631466']
2ba642f7-b99d-4f4a-8441-d80904e3294a,SWR755,HBJVP,E190,0x4B19F5,ELLX,LSZH,['0000' '3503'],2017-08-07T13:13:33Z,2017-08-07T14:04:21Z,['0xe63431f' 462591]
2bc9ab6b-b8e5-4b99-a6fe-e2533b2f952b,SWR63M,HBJBB,BCS1,0x4B17DF,LFPG,LSZH,['0000' '1000' '2000'],2017-08-07T13:16:12Z,2017-08-07T14:11:18Z,['0xe6343e0' 477559]
2bd67b4f-1bbd-4f0b-9e03-46156c5b62aa,EDW449,HBIJU,A320,0x4B161E,LDSP,LSZH,['0000' '7365' '1000'],2017-08-07T18:52:19Z,2017-08-07T20:11:31Z,['0xe643bc6' 486696]
2bf0e205-6f6d-4a68-8d6b-6ab91df397c2,ADR364,S5AAN,CRJ9,0x506C19,LJLJ,LSZH,['6510' '0000' '1000'],2017-08-07T05:49:42Z,2017-08-07T06:54:32Z,[452936 '0xe625a9d']
2c4cbc8e-5329-4b01-87b8-4670971254c8,SWR42RF,HBIPV,A319,0x4B16BB,LSGG,LSZH,['1000'],2017-08-07T17:30:12Z,2017-08-07T18:12:17Z,['0xe6400cf' 483835]
2c9c9e61-c59e-4844-b320-57c288dfb664,BER10DQ,DABDK,A320,0x3C488B,EDDT,LSZH,['0000' '1124' '2773'],2017-08-07T12:23:28Z,2017-08-07T13:47:55Z,['0xe631ec9' 478679]
2cddbb3c-9961-4791-b6d7-a76669b792b9,HBCNK,HBCNK,F152,0x4B06A4,LSZB,LSZH,['0000' '7000'],2017-08-07T11:33:03Z,2017-08-07T11:54:06Z,['0xe62fc83']
2dea4799-4f3c-4267-a1b7-a89ceabe18e9,SWR46J,HBJVP,E190,0x4B19F5,EGLC,LSZH,['0000' '5666'],2017-08-07T09:51:58Z,2017-08-07T11:10:47Z,['0xe629e6f']
2e101c3a-d97c-43f5-8f05-d33a679f40ee,EIN34G,EIGAL,A320,0x4CA836,EIDW,LSZH,['0000' '2005' '7645'],2017-08-07T16:26:01Z,2017-08-07T18:31:07Z,['0xe63d626' 486834]
2e236086-58b8-4738-b0fd-dba580334277,SWR15X,HBJHH,A333,0x4B1881,KJFK,LSZH,['2004' '0000'],2017-08-07T06:24:29Z,2017-08-07T08:43:04Z,[465839 '0xe61ba61']
2e8c1418-7e31-4ace-919e-853a9172a082,SWR1109,S5AAO,CRJ9,0x506C1A,EDDM,LSZH,['1000'],2017-08-07T15:23:00Z,2017-08-07T15:54:03Z,['0xe63a529']
2ed906ec-d376-4957-a60c-865a4cc16bea,HBDHZ,NA,NA,NA,ZZZZ,LSZH,['2340'],2017-08-07T10:28:33Z,2017-08-07T12:45:20Z,[487799]
2edf1d6d-8055-4ee6-972f-78d84e07353e,UAE87,A6EOA,A388,0x89639A,OMDB,LSZH,['0564' '6331' '2211'],2017-08-07T06:10:37Z,2017-08-07T11:52:03Z,['0xe624d73' 471981]
2f274dc1-09b8-4dcc-8784-97329521e9cc,CFE94C,GLCYD,E170,0x40609A,EGLC,LSZH,['5670'],2017-08-07T18:57:43Z,2017-08-07T20:07:16Z,['0xe643f47']
2f862d8e-c8ce-4ee7-919e-925065e8df82,BER8574,HBIOP,A320,0x4B169B,EDDT,LSZH,['0000' '1110'],2017-08-07T19:39:48Z,2017-08-07T21:01:17Z,['0xe645b73' 491543]
30b2e1c7-cb8b-4576-9e12-d3d1ee358137,VLG7983,ECLVU,A320,0x3443D5,LPPT,LSZH,['4534' '5453' '7604' '1016' '5524' '5702'],2017-08-07T15:32:07Z,2017-08-07T19:12:27Z,['0xe63ae5b' 482217]
319f7267-09e9-439c-a2e1-f9b5c4f7ce85,NJE453D,NA,NA,0x49131A,LOWW,LSZH,['1000'],2017-08-07T09:18:40Z,2017-08-07T10:29:48Z,[483018]
3228049a-9a1a-4138-b1be-e25cd9e81b5c,SAZ62,HBJRB,CL60,0x4B197F,LIPH,LSZH,['0274' '1000'],2017-08-07T11:30:07Z,2017-08-07T12:14:30Z,['0xe62f9d2' 492304]
324d925c-e6e9-4bd1-9822-6332e606819c,ABP742,NA,NA,0x49D097,LOWI,LSZH,['0320'],2017-08-07T10:25:39Z,2017-08-07T11:00:16Z,[490308]
3266efc8-4a73-4267-8354-425000059dd9,VJT762,NA,NA,0x4D208A,EGGW,LSZH,['2066'],2017-08-07T08:24:22Z,2017-08-07T09:41:48Z,[468946]
3347c6b8-5220-42c1-bb74-ef73ad71e3fa,FIN27E,OHLZO,A321,0x461FA4,EFHK,LSZH,['0000' '3526' '6007'],2017-08-07T05:05:19Z,2017-08-07T07:51:53Z,['0xe6247bf' 472897]
339da41c-ece9-4973-a872-ec44ba006a97,CFE54K,GLCYX,E190,0x407040,EGLC,LSZH,['5666'],2017-08-07T12:10:28Z,2017-08-07T13:22:49Z,[477474 '0xe6315ee']
349b9b88-f763-42a0-adaa-eff592806537,GWI4KE,DAGWI,A319,0x3C5EE9,EDDL,LSZH,['1000'],2017-08-07T12:03:30Z,2017-08-07T12:56:07Z,[468228 '0xe630f25']
35654a8d-98fc-421f-9115-3dea28a49712,SWR19R,HBJHA,A333,0x4B187A,KEWR,LSZH,['2033' '3074'],2017-08-07T07:35:35Z,2017-08-07T09:53:42Z,[466805 '0xe6200ce']
364f260d-44a3-474c-abb3-42649725538c,N121GZ,NA,NA,NA,LEPA,LSZH,['5575'],2017-08-07T11:41:05Z,2017-08-07T13:11:24Z,[483901]
370797c6-0049-4441-9689-635fd51b2434,SWR98A,HBIJM,A320,0x4B1616,EDDT,LSZH,['0000' '1114' '1000'],2017-08-07T09:02:12Z,2017-08-07T10:13:14Z,['0xe62a9c5' 470581]
37f1f63b-2ae8-47c1-a319-7580e471331b,SWR155N,HBIJE,A320,0x4B160E,LYBE,LSZH,['0000' '7361' '1114' '1000'],2017-08-07T12:49:48Z,2017-08-07T14:37:51Z,['0xe63319c' 476771]
3878cb50-871d-4c2f-82b9-e28d105ed22a,EDW25,HBJMF,A343,0x4B1901,MMUN,LSZH,['0000' '2000' '1000'],2017-08-07T13:29:37Z,2017-08-07T15:16:11Z,['0xe6244d5']
394272d8-dc65-4bb4-a32a-a9841efb3a90,SWR243,NA,NA,0x4B187B,OMDB,LSZH,['3232'],2017-08-07T01:46:40Z,2017-08-07T04:28:00Z,[462730]
3a4cb690-533b-4fc0-a922-bfb9547050e1,HBSGM,HBSGM,DV20,0x4B3030,LSZB,LSZH,['3450' '7000'],2017-08-07T14:13:00Z,2017-08-07T14:34:26Z,['0xe636722']
3a7b3967-32b6-4a29-9034-204e94f4bd9b,EWG7TF,DAEWL,A320,0x3C56EC,EDDH,LSZH,['0000' '1125' '7357' '1357'],2017-08-07T17:09:12Z,2017-08-07T18:28:04Z,['0xe63f45e' 474382]
3b0f400c-e9f2-4493-96e2-af7e0b378a85,EDW34T,HBIJW,A320,0x4B1620,LGIR,LSZH,['0000' '2051' '1000'],2017-08-07T08:15:06Z,2017-08-07T11:10:29Z,['0xe62950b']
3bd1110b-8915-4c7f-b778-e14258782dfa,SWR563,HBIJI,A320,0x4B1612,LFMN,LSZH,['0000' '1000' '1114'],2017-08-07T09:04:58Z,2017-08-07T10:10:40Z,['0xe62ab26' 470580]
3bd407af-9841-4843-b3e5-57cffaba48d4,AZA572,EIRDN,E75S,0x4CAABE,LIRF,LSZH,['0000' '1000'],2017-08-07T06:53:30Z,2017-08-07T08:18:29Z,['0xe62739a' 472767]
3c28616f-d7d9-46c1-81d0-260d48056082,SWR771,HBJBB,BCS1,0x4B17DF,EBBR,LSZH,['0000' '1000' '2000'],2017-08-07T05:21:11Z,2017-08-07T06:37:57Z,['0xe624dd8' 465358]
3c8399bc-af1b-40d9-a361-6fbb28c460a4,EDW3A,HBJHQ,A333,0x4B188A,KLAS,LSZH,['2060' '0000'],2017-08-07T11:28:36Z,2017-08-07T13:54:14Z,[469001 '0xe621595']
3dabd9ee-9687-49f0-92b6-9db53abafd45,ICE568,TFISW,B763,0x4CC27F,BIKF,LSZH,['0000' '3226' '2000' '2061' '5427' '1000' '2010'],2017-08-07T07:32:09Z,2017-08-07T11:02:07Z,['0xe62831b' 477837]
3ddfba32-183f-4d81-9f70-563e806e9100,HBVPF,NA,NA,0x4B38FF,EDVK,LSZH,['1116'],2017-08-07T13:08:20Z,2017-08-07T14:03:40Z,[483789]
40899d91-0657-4a2a-ba66-d44f33da0fd3,CTN76H,NA,NA,0x501DC5,LDSP,LSZH,['7310' '1000'],2017-08-07T10:37:20Z,2017-08-07T12:13:12Z,[482665]
40b9a6df-3392-4531-8184-81069f6d7190,HBDGI,NA,NA,0x4B0890,EDMA,LSZH,['6666'],2017-08-07T10:02:24Z,2017-08-07T10:58:56Z,[468241]
417232a2-df60-4f8b-9dc0-6ba2c4a3b692,SWR561,HBIPX,A319,0x4B16BD,LFMN,LSZH,['0000' '1000'],2017-08-07T17:07:44Z,2017-08-07T18:21:21Z,['0xe63f3c0' 483462]
419f56d2-af71-4486-8143-19d64d2818eb,SWR1665,HBJBE,BCS1,0x4B17E2,LIPZ,LSZH,['0000' '0273' '6656' '2000'],2017-08-07T18:28:04Z,2017-08-07T19:23:53Z,['0xe642b15' 484944]
420e9b11-473d-45ea-85af-d6d7ff824b02,HBCWE,HBCWE,C172,0x4B0788,LSZB,LSZH,['7000'],2017-08-07T17:36:28Z,2017-08-07T17:37:06Z,['0xe63fd44']
44b972f4-7e4f-4e83-9958-fac5827474ac,EWG7ZJ,DAEWV,A320,0x3C56F6,EDDL,LSZH,['1000' '7130' '4122' '1250'],2017-08-07T05:13:21Z,2017-08-07T06:14:03Z,['0xe624b0f' 459667]
44d923cd-b1fc-4405-bc08-f398fc9b0728,GWI768,DAGWF,A319,0x3C5EE6,EDDK,LSZH,['2510' '4075'],2017-08-07T13:59:11Z,2017-08-07T14:48:44Z,[470565 '0xe6363c9']
46009df3-e827-4fe8-81e3-3d8d11bdb368,SWR39,NA,NA,0x4B191D,KSFO,LSZH,['2045'],2017-08-07T11:47:42Z,2017-08-07T14:16:12Z,[468815]
465e46e0-876c-452b-9160-63d30e6fb5e7,HBCNK,HBCNK,F152,0x4B06A4,LSZC,LSZH,['0000' '7000'],2017-08-07T14:52:13Z,2017-08-07T15:05:46Z,['0xe638d60']
475592f1-6cba-4066-a255-d02a563eb02d,SWR1189,NA,NA,0x440110,EDDN,LSZH,['6665'],2017-08-07T08:49:31Z,2017-08-07T09:34:36Z,[466723]
47b6b7ba-758c-42ac-ac55-a65bc08cf354,SWR63D,NA,NA,NA,LFPG,LSZH,['1000'],2017-08-07T08:29:27Z,2017-08-07T09:21:20Z,[469239]
47fa86cb-f52a-4729-ac2d-e27c00d1e26d,SAZ76,HBJRC,CL60,0x4B1980,BKPR,LSZH,['0000' '1305' '4170' '7332' '1000'],2017-08-07T00:15:46Z,2017-08-07T02:02:42Z,['0xe61c305' 464961]
48609e09-2100-4add-87a8-43a75228927f,GSW3337,HBJOG,A319,0x4B1936,LWOH,LSZH,['0000' '4330' '1000' '3447'],2017-08-07T16:32:42Z,2017-08-07T18:28:52Z,['0xe63db23' 482103]
487f09b0-a6e6-4e60-a688-cfea5f813101,ASL93J,YUAPG,A320,0x4C01E6,LYBE,LSZH,['0000' '4154' '7222' '4155' '1000'],2017-08-07T05:24:06Z,2017-08-07T07:12:43Z,['0xe624f8d' 478208]
48971e5d-7cc4-49b1-90e5-12ce4fcd592e,SWR294,HBJHM,A333,0x4B1886,HTDA,LSZH,['0000' '1623' '2056' '7355' '1000' '2021'],2017-08-07T00:05:57Z,2017-08-07T04:07:49Z,['0xe610d0d' 459504]
49135788-22bf-4a58-abb3-64c280b282e2,BTI641,YLBBX,B733,0x502C55,EVRA,LSZH,['4360' '2237' '4650'],2017-08-07T09:40:04Z,2017-08-07T12:00:03Z,[464867 '0xe62ba11' '0xe62ee4a']
49df19fe-17f3-4ab7-a4c5-0fe679e3f936,ELY343,4XEHE,B739,0x738054,LLBG,LSZH,['7232' '0000' '1000'],2017-08-07T13:15:40Z,2017-08-07T17:29:36Z,['0xe634595']
49f228a1-1d65-4be2-9cb4-7b8b39647a15,SWR140T,HBJVH,F100,0x4B19ED,EDDS,LSZH,['0000' '2563'],2017-08-07T06:20:27Z,2017-08-07T07:00:59Z,['0xe6265e7' 462109]
4a923f39-e45d-403f-bdaf-1b3d2cc9b890,CTN756R,9ACQF,DH8D,0x501DD1,LDDU,LSZH,['7340' '1000'],2017-08-07T05:00:41Z,2017-08-07T07:00:36Z,[466939 '0xe6246e1']
4b8fb1b8-d6ba-46ea-bd38-429646322e1f,GSW9607,HBJOI,A321,0x4B1938,BKPR,LSZH,['0000' '1306' '4171' '7340' '1000'],2017-08-07T02:20:11Z,2017-08-07T04:26:23Z,['0xe620389' 461564]
4c01732b-ad47-48ee-bc28-6ced8a82fac1,SWR181,HBJNC,B77W,0x4B1918,VTBS,LSZH,['6146' '3252' '3055'],2017-08-07T12:29:12Z,2017-08-07T17:10:25Z,['0xe626a9b' 472533]
4c9b8bd3-a65b-4e7b-9380-1b96dbfb57f5,SWR289,HBJMB,A343,0x4B18FD,FAJS,LSZH,['0000' '4266' '5664' '1000' '2211'],2017-08-07T01:47:54Z,2017-08-07T04:14:32Z,['0xe60bd79' 458185]
4d03faf3-a505-41da-b2da-93b3cb16412f,TAP926G,CSTNK,A320,0x4951CB,LPPT,LSZH,['0000' '4725' '1000'],2017-08-07T13:30:18Z,2017-08-07T15:55:54Z,['0xe635023']
4d69cf2a-33d1-4279-82f5-9ed8377ebf53,SWR145D,HBJLT,A320,0x4B18F5,LYBE,LSZH,['0000' '7324' '1000' '5526'],2017-08-07T07:28:11Z,2017-08-07T09:23:47Z,['0xe62818c']
4dca42e8-155f-4837-91b4-28c6a2aa181b,HBKMI,HBKMI,P208,0x4B1BA8,LSZM,LSZH,['7000'],2017-08-07T10:05:29Z,2017-08-07T10:15:33Z,['0xe62c6ea']
4e24f369-9ff0-4194-8d14-cb3415d1a23f,FIN3ZK,OHLZF,A321,0x461F9B,EFHK,LSZH,['2214' '6057' '3113'],2017-08-07T13:44:27Z,2017-08-07T16:32:06Z,['0xe635964' 486901]
4f119ef8-4bf4-43ef-a248-e05bff0d1b6c,SWR1661,HBJBG,BCS1,0x4B17E4,LIPZ,LSZH,['0000' '0226' '6666' '2000'],2017-08-07T08:02:27Z,2017-08-07T09:05:00Z,['0xe628f90']
4f129151-4e0e-4687-b0e6-91ab41aee683,SWR110H,NA,NA,0x4B17E2,EDDM,LSZH,['1000'],2017-08-07T08:07:15Z,2017-08-07T08:45:48Z,[468640]
50a24890-fce1-4ce3-b261-20d496a6b184,ADR33Z,S5AAN,CRJ9,0x506C19,LJLJ,LSZH,['6501' '0000' '1000'],2017-08-07T15:28:06Z,2017-08-07T16:19:56Z,[464847 '0xe63ab38']
50ad0ed8-b00f-4378-9681-1b4d6f853c81,SWR1069,HBJCA,BCS3,0x4B17F8,EDDF,LSZH,['1000' '2000'],2017-08-07T07:00:28Z,2017-08-07T07:47:28Z,['0xe626aa0' 467707]
50cc3b8c-5c4d-4947-9d56-519a03dd9692,THY9KL,TCJSU,A321,0x4BAA75,LTBA,LSZH,['0000' '3215' '4504'],2017-08-07T04:05:36Z,2017-08-07T07:04:46Z,['0xe622e67' 473019]
5134eef0-35ff-47d8-aa9c-806c16222388,ETD88V,A6BLB,B789,0x8963CF,OMAA,LSZH,['1743'],2017-08-07T23:04:52Z,2017-08-07T23:59:55Z,['0xe64c496']
51f95a4c-21db-42b4-9f9d-90194966fb3f,NLY2UR,NA,NA,0x4B1944,LIBR,LSZH,['3724' '1000'],2017-08-07T13:08:38Z,2017-08-07T14:48:04Z,[481786]
5214d927-de11-4c7e-8484-9c8bf24abb6b,NLY3733,HBJOU,A321,0x4B1944,LICA,LSZH,['1000' '0000'],2017-08-07T18:03:11Z,2017-08-07T20:35:30Z,['0xe641987' 493149]
5268928e-b063-431b-be70-9c9ad268b5d7,TRA5T,NA,NA,0x4853D3,EHAM,LSZH,['1000'],2017-08-07T11:27:52Z,2017-08-07T12:26:24Z,[466773]
52f6a251-1bb3-4aa4-8d53-8cf1298acfde,EZY67MB,GEZDS,A319,0x405D0C,EGGW,LSZH,['0000' '2063'],2017-08-07T05:48:46Z,2017-08-07T07:23:20Z,['0xe625970' 465632]
5344026d-412c-4853-bcf1-8466f1240b98,EDW355,HBIHZ,A320,0x4B15EF,LGMK,LSZH,['0000' '5504' '1000'],2017-08-07T16:39:07Z,2017-08-07T19:18:28Z,['0xe63dfbb' 487055]
535ff426-d99c-4cbf-8a40-be15e8ad1a1a,SWR142F,HBJBC,BCS1,0x4B17E0,LIRQ,LSZH,['2000' '0000' '1000'],2017-08-07T07:22:13Z,2017-08-07T09:33:03Z,['0xe627610' 469381]
54191153-8882-45ab-8a0d-31cb21cc5ad8,NLY3445,HBJOU,A321,0x4B1944,LEIB,LSZH,['5564' '0000'],2017-08-07T07:21:30Z,2017-08-07T09:06:07Z,[472900 '0xe627eed']
54f91ef1-dfe2-4c1c-80d0-94b80e9ef934,SWR253,HBJHN,A333,0x4B1887,LLBG,LSZH,['0000' '7234' '1000'],2017-08-07T12:57:48Z,2017-08-07T17:02:07Z,['0xe6337eb' 482104]
55052dda-1db4-4ae6-a2b7-5200edab64c3,CAZ202,NA,NA,NA,LEPA,LSZH,['1046'],2017-08-07T10:25:05Z,2017-08-07T12:08:32Z,[459399]
550e03c6-75a0-442b-abfb-cb79c73965f6,NLY806Q,HBJOW,A321,0x4B1946,LEPA,LSZH,['0000' '5551'],2017-08-07T13:09:59Z,2017-08-07T14:58:30Z,['0xe6341dc' 491392]
554e2bbb-525d-4605-9be7-7ac5f7b92a3d,SWR41,HBJND,B77W,0x4B1919,KLAX,LSZH,['2016' '0000'],2017-08-07T13:44:37Z,2017-08-07T16:02:42Z,[470831 '0xe6249c9']
55702dfe-a2c4-4634-b6ae-1182fec22fd8,SWR967,HBIJF,A320,0x4B160F,EDDT,LSZH,['0000' '1114' '1000'],2017-08-07T13:01:32Z,2017-08-07T14:26:29Z,['0xe633a9e' 477260]
5630e773-22b4-4a2b-a668-7adf1de2959f,EDW34T,NA,NA,0x4B1620,LGIR,LSZH,['2051' '1000'],2017-08-07T08:23:37Z,2017-08-07T11:04:44Z,[472996]
56feb081-2356-449c-8e0e-c540716f4f9e,SWR2155,HBJLR,A320,0x4B18F3,LEPA,LSZH,['5565'],2017-08-07T19:27:23Z,2017-08-07T21:08:03Z,['0xe6452a5' 486797]
580f2651-d756-47b5-bc40-e482c46578fb,EDW267,HBIJU,A320,0x4B161E,LEIB,LSZH,['0000' '1054' '5323'],2017-08-07T14:03:26Z,2017-08-07T15:47:41Z,['0xe6368cb' 482445]
583282f0-9fe0-4e45-aa81-59c460cc7ca4,SWR451,HBJVN,E190,0x4B19F3,EGLC,LSZH,['0000' '2721'],2017-08-07T09:06:33Z,2017-08-07T10:34:26Z,['0xe629752' 454974]
58e5f5f0-d6ef-423d-b51e-9ac811cc0307,KLM49L,PHKZI,F70,0x4840E6,EHAM,LSZH,['1000' '0141'],2017-08-07T10:38:57Z,2017-08-07T11:54:04Z,['0xe62d85b']
59529145-d814-4e61-b60e-05d5c80717e8,SWR737,HBIPU,A319,0x4B16BA,EHAM,LSZH,['1000' '0000' '3075'],2017-08-07T05:11:28Z,2017-08-07T06:34:39Z,['0xe62493b' 465246]
5988035f-3730-4f56-ba50-ac66cd13d3b6,AFL2392,VPBON,B738,0x4242F2,UUEE,LSZH,['0000' '1510' '5122' '1000'],2017-08-07T15:30:21Z,2017-08-07T19:01:08Z,['0xe63abc3' 446365]
5a235578-c29c-44c5-94d2-8593da2d8f1a,SWR93,HBJMC,A343,0x4B18FE,SBGR,LSZH,['0000' '6241' '1000'],2017-08-07T03:32:04Z,2017-08-07T08:19:20Z,['0xe615580' 462770]
5a304674-482a-4806-bd74-56eda5fd5296,SWR147W,HBIJD,A320,0x4B160D,LROP,LSZH,['5427' '3552'],2017-08-07T13:32:45Z,2017-08-07T15:44:35Z,['0xe63519d']
5bba2313-38fc-4faa-a9ad-a78c94127b69,TAP928,CSTTL,A319,0x49528C,LPPT,LSZH,['0000' '4717' '4731' '5704' '1000'],2017-08-07T18:49:58Z,2017-08-07T21:23:33Z,['0xe643a07' 495865]
5c039543-1117-4b2e-bac5-69a22c81084f,SWR207U,NA,NA,NA,LEMD,LSZH,['5370'],2017-08-07T08:24:33Z,2017-08-07T10:01:16Z,[469385]
5c684650-7caf-419a-9338-e1601714b90d,BKK4D,NA,NA,0x405E13,LOWS,LSZH,['7360' '1000'],2017-08-07T11:14:39Z,2017-08-07T12:03:00Z,[460152]
5c76afdc-a2cd-44e2-9757-cffecbfd66ee,NLY97A,HBJOX,A321,0x4B1947,GCTS,LSZH,['6222' '4456' '1000'],2017-08-07T18:17:50Z,2017-08-07T20:55:46Z,['0xe642400']
5d2e1812-b193-41be-9fcd-71a45d69d73c,SWR110H,HBJBE,BCS1,0x4B17E2,EDDM,LSZH,['1000' '6666'],2017-08-07T07:59:43Z,2017-08-07T08:52:35Z,['0xe628cd7']
5d58be2b-b951-472a-bdb2-86466314756e,LEU101,NA,NA,0x4B38C3,LIPQ,LSZH,['0243' '1000'],2017-08-07T11:56:03Z,2017-08-07T12:53:48Z,[466549]
5e19e54c-7ab3-4487-921b-c8987862d44a,DAL66,N845MH,B764,0xAB9387,KATL,LSZH,['2011' '3677'],2017-08-07T04:13:59Z,2017-08-07T06:36:03Z,[467578 '0xe616525']
5e4af928-748e-485b-a21d-93415b33158d,HBFKC,HBFKC,PC6T,0x4B0E3A,LSZC,LSZH,['4270'],2017-08-07T12:39:41Z,2017-08-07T12:56:27Z,['0xe632994']
5e4f4735-dcbb-4b3e-b4a5-38b65c15d650,EWG5KH,NA,NA,0x3C56F0,EDDH,LSZH,['1122'],2017-08-07T12:00:38Z,2017-08-07T13:06:12Z,[468341]
5ff8086e-085f-49a7-8a1b-f568ff410c79,SWR2561,HBJBE,BCS1,0x4B17E2,EICK,LSZH,['0000' '5666' '5364' '2000' '1000'],2017-08-07T13:14:50Z,2017-08-07T16:06:55Z,['0xe63447b' 477128]
610ba224-9708-4ebf-b938-2e836fcdf0e9,SWR33J,NA,NA,0x4B17F8,EGLL,LSZH,['5672'],2017-08-07T11:43:28Z,2017-08-07T13:01:36Z,[473957]
6147b671-3122-4b5e-b077-670595ad2ad3,SWR284H,NA,NA,NA,LEVC,LSZH,['5526'],2017-08-07T07:54:24Z,2017-08-07T09:39:12Z,[469004]
61f738a3-5d66-48c0-aa0b-d397fe4d255e,SWR1485,HBIPX,A319,0x4B16BD,LKPR,LSZH,['2000' '1000' '5763'],2017-08-07T07:43:05Z,2017-08-07T09:49:47Z,['0xe6287a5' 470033]
627e6aca-ac68-4c6e-a5d4-f0c91cfd4b48,SWR1575,NA,NA,0x4B160D,LOWW,LSZH,['1000'],2017-08-07T07:55:10Z,2017-08-07T08:53:20Z,[468992]
6286644b-da61-44c1-9f9f-a3784443bfcd,SWR77E,NA,NA,0x4B161B,EHAM,LSZH,['1000'],2017-08-07T08:10:09Z,2017-08-07T09:18:40Z,[469109]
645113d8-2454-4cb4-b375-66fe9ec67fd2,SWR35Q,HBIJQ,A320,0x4B161A,EGCC,LSZH,['0000' '2054' '0751' '1000'],2017-08-07T08:05:53Z,2017-08-07T09:48:20Z,['0xe6290d7']
647e5ec5-873e-4a55-8627-48d16051c41f,SWR2597,HBJLR,A320,0x4B18F3,LMML,LSZH,['0000' '6564' '1000'],2017-08-07T12:59:42Z,2017-08-07T15:04:34Z,['0xe633948' 476954]
669b59b9-8148-4cef-b7a3-5346505bc8a6,KLM47B,PHEZR,E190,0x484CC2,EHAM,LSZH,['0000' '1000'],2017-08-07T05:10:57Z,2017-08-07T06:17:50Z,['0xe624a0e']
66ed757e-2f0a-4d5d-a52c-0e267d3570da,SWR1249,HBIOF,A321,0x4B1691,ESSA,LSZH,['0000' '3534'],2017-08-07T08:03:01Z,2017-08-07T10:21:35Z,['0xe628fdc' 469240]
67b56c61-7854-40c8-960d-c14b44802199,SWR1951,HBIOH,A321,0x4B1693,LEBL,LSZH,['0000' '5501' '2074' '1000'],2017-08-07T04:28:35Z,2017-08-07T05:57:16Z,['0xe622793' 464415]
67dff39f-98e2-4adc-aa6d-35f8dcb162ba,AUA567Z,OELBU,A320,0x44006E,LOWW,LSZH,['0000' '1000' '2523' '2000'],2017-08-07T17:51:55Z,2017-08-07T19:33:33Z,['0xe6403a4' 481809]
67f67663-a712-40df-b774-6cd76866db0e,SWR102B,HBJVG,F100,0x4B19EC,EDDF,LSZH,['0000' '1000'],2017-08-07T15:33:08Z,2017-08-07T16:13:50Z,['0xe63adec' 465275]
684927c8-9399-4cfb-b15e-321238294a07,SWR55,HBJMD,A343,0x4B18FF,KBOS,LSZH,['0000' '2211'],2017-08-07T01:56:22Z,2017-08-07T04:18:09Z,['0xe614c33' 465285]
68a41241-5550-4271-aac3-ead060cecbc8,SWR227Z,HBIOM,A321,0x4B1698,LEMG,LSZH,['0000' '5315'],2017-08-07T11:14:28Z,2017-08-07T13:43:42Z,['0xe62ef88']
68d54b8c-4c66-4c5e-9e3b-572b1e70f093,SWR285K,NA,NA,0x4B161B,LHBP,LSZH,['1000'],2017-08-07T12:51:37Z,2017-08-07T14:18:28Z,[476769]
69342156-81d1-4fea-8847-688a6d2ff28e,THY3QJ,TCJTA,A321,0x4BAA81,LTBA,LSZH,['0000' '5333' '1000'],2017-08-07T13:17:45Z,2017-08-07T16:34:18Z,['0xe634719' 488644]
69567d7e-f3ca-48f0-90ac-6399545131f6,SAS601,OYKFH,CRJ9,0x45ACC8,EKCH,LSZH,['0000' '0237' '1000'],2017-08-07T05:19:39Z,2017-08-07T06:48:10Z,['0xe624dbd']
69638b56-6778-41c3-81e5-11140b11c9a2,SWR35Q,NA,NA,0x4B161A,EGCC,LSZH,['2054'],2017-08-07T08:10:58Z,2017-08-07T09:43:04Z,[469110]
697c8245-7981-4546-9a36-3416eec66924,SWR129A,HBIOK,A321,0x4B1696,EKCH,LSZH,['0000' '2735' '3050'],2017-08-07T13:00:53Z,2017-08-07T14:48:20Z,['0xe633a19' 477264]
6a24ba24-b38b-4a88-8e23-f667b29572fe,SWR24TL,OELGO,DH8D,0x440777,LSZA,LSZH,['0000' '0436' '1000'],2017-08-07T13:26:01Z,2017-08-07T13:59:08Z,['0xe634d2a' 473838]
6aa480a9-2c9e-44d6-859d-b22ecba3a063,SWR225U,HBIJE,A320,0x4B160E,LHBP,LSZH,['0000' '1000' '5513'],2017-08-07T17:54:55Z,2017-08-07T19:25:23Z,['0xe641406' 484674]
6b09d97e-54b4-4581-96fd-2590c9762ef0,SWR1053,HBIJJ,A320,0x4B1613,EDDH,LSZH,['0000' '1120' '1000'],2017-08-07T12:23:01Z,2017-08-07T13:38:12Z,['0xe631e4e' 475985]
6ca7a151-669d-43db-99db-d4b1b543870e,LOT4ZV,SPLDH,E170,0x489788,EPWA,LSZH,['6534' '4565' '1000' '7541'],2017-08-07T15:16:00Z,2017-08-07T16:49:52Z,[491700 '0xe63a1a7']
6cd3e837-f90d-481b-aff3-8d6790c019ab,EZY23EZ,NA,NA,0x502CA6,EGGW,LSZH,['2272'],2017-08-07T12:38:33Z,2017-08-07T13:55:52Z,[483790]
6ce39f0b-1541-4290-b35c-c202314d9cbf,SWR69KC,HBJCB,BCS3,0x4B17F9,LSGG,LSZH,['2000' '1000'],2017-08-07T17:55:37Z,2017-08-07T20:45:51Z,['0xe64149f' 486511]
6e00f2fd-da82-4446-9928-ad6479647f74,BAW714T,GEUPM,A319,0x40087C,EGLL,LSZH,['0000' '2234' '2764'],2017-08-07T11:34:15Z,2017-08-07T13:20:07Z,['0xe62faf0']
6e4a0b34-240d-4103-85c8-5a6dce23afcc,SWR213D,HBIJS,A320,0x4B161C,LEMG,LSZH,['3637' '5323'],2017-08-07T12:40:22Z,2017-08-07T15:47:56Z,['0xe632abf' 477842]
6e54efae-8ea6-4392-85a4-a7f94b1f8c23,SWR2143,HBIOD,A321,0x4B168F,LEVC,LSZH,['0000' '1004'],2017-08-07T13:19:28Z,2017-08-07T15:08:28Z,['0xe6346a9' 476951]
6ed5a906-565d-499c-affa-7461724603ca,SWR74U,HBJBB,BCS1,0x4B17DF,ELLX,LSZH,['5654' '2000'],2017-08-07T08:55:31Z,2017-08-07T09:59:39Z,['0xe62a417' 470377]
6f130e64-d43c-43db-a8cd-499c5043398f,SXS9YW,TCSOF,B738,0x4BCDE6,LTAI,LSZH,['3202' '7662'],2017-08-07T12:23:01Z,2017-08-07T15:35:49Z,['0xe6319de' 486417]
6fdc3c4b-2e76-4551-bb15-841089ed69df,SWR1575,HBIJD,A320,0x4B160D,LOWW,LSZH,['0000' '1000'],2017-08-07T07:52:13Z,2017-08-07T08:58:03Z,['0xe628af5']
70451378-a8d9-41f0-8e13-cb318ddbd330,SWR217M,HBIOL,A321,0x4B1697,LEPA,LSZH,['1042' '5515'],2017-08-07T16:10:02Z,2017-08-07T17:51:51Z,['0xe63c874' 481999]
7109a87c-01d7-4eb9-8230-ea6b4b4247f8,SWR81C,HBJVE,F100,0x4B19EA,EDDV,LSZH,['1000' '0000' '5675'],2017-08-07T08:08:43Z,2017-08-07T09:15:31Z,[456574 '0xe629273']
713900ef-7b3c-4f56-8454-957b1dc10c54,SWR99L,NA,NA,0x506C1A,EDDC,LSZH,['4137'],2017-08-07T18:32:29Z,2017-08-07T19:35:36Z,[490736]
7165c3b1-d1bd-4df4-9e72-89ead1995a4b,SWR184H,HBIOL,A321,0x4B1697,LGAT,LSZH,['0000' '2074' '3013' '1000' '5501'],2017-08-07T03:37:31Z,2017-08-07T06:17:57Z,['0xe622341' 463721]
71c39fa3-dfe0-4f89-80e5-c743505c2cec,SWR59GW,HBJLP,A320,0x4B18F1,LSGG,LSZH,['0000' '1000'],2017-08-07T12:45:52Z,2017-08-07T13:28:47Z,['0xe632f18' 476955]
71e25fa7-cf17-4101-9fd8-8c4427a47e00,FCB352,NA,NA,0x4C8067,LCLK,LSZH,['5603' '1000'],2017-08-07T08:48:59Z,2017-08-07T12:18:00Z,[466937]
72e06eff-0844-482e-8416-aa37badc7c03,SAS51F,SERES,B737,0x4AC8B3,ESSA,LSZH,['0735' '0000'],2017-08-07T05:30:49Z,2017-08-07T07:36:36Z,[470889 '0xe6252a3']
74290a35-e8e5-43f0-ac1e-8101d048207f,EDW15J,NA,NA,0x4B1902,CYYC,LSZH,['2222'],2017-08-07T06:38:48Z,2017-08-07T09:05:24Z,[462936]
75d04ba2-60e8-4c18-8e65-90a243d94c69,SWR1577,HBJBA,BCS1,0x4B17DE,LOWW,LSZH,['0000' '1000' '2000'],2017-08-07T09:05:46Z,2017-08-07T10:34:52Z,['0xe62ab95' 470797]
7635cb40-9663-4518-abaf-53af4790fd64,SWR1273,HBJLT,A320,0x4B18F5,EKCH,LSZH,['0000' '2724'],2017-08-07T17:59:15Z,2017-08-07T19:51:42Z,['0xe6416e8' 485083]
77f7a64a-5d22-4454-8e8b-1fd2136c4735,DLH3WY,DACKF,CRJ9,0x3C4D66,EDDM,LSZH,['0000' '1000'],2017-08-07T09:52:12Z,2017-08-07T10:37:28Z,['0xe62c0fe' 466186]
7828b3a9-41aa-4df4-add1-4fa1b368b593,SWR113C,HBJVH,F100,0x4B19ED,EDDS,LSZH,['0000' '2205' '0611'],2017-08-07T08:55:30Z,2017-08-07T09:35:01Z,['0xe62a59f' 462104]
7860e5ee-cd9c-4462-952f-fade40794fd7,CTN460,9ACQC,DH8D,0x501DC4,LDZA,LSZH,['0000' '7313' '1000'],2017-08-07T07:09:09Z,2017-08-07T08:30:46Z,['0xe6279f9']
79174585-1d7a-4ce8-aecf-ab6a90f9c7fe,BAW712,NA,NA,0x40097D,EGLL,LSZH,['0761'],2017-08-07T08:50:52Z,2017-08-07T10:07:34Z,[471350]
79d79c68-fdcf-4bff-85c3-356ed0309160,SWR122W,HBIOM,A321,0x4B1698,ESSA,LSZH,['0000' '3723' '1000'],2017-08-07T17:36:53Z,2017-08-07T20:02:15Z,['0xe6407a0' 484389]
7b5b29a2-cfc4-478a-9bae-0094ec31c7b7,AFL2390,VQBAY,A320,0x4248F0,UUEE,LSZH,['0000' '1506' '5134' '1000'],2017-08-07T06:59:12Z,2017-08-07T10:41:03Z,['0xe6275d6' 446000]
7b72b29f-9bbf-46d9-b38c-ccb9db2cc6a6,SWR78W,HBJBF,BCS1,0x4B17E3,EBBR,LSZH,['0000' '1000' '2000'],2017-08-07T13:23:44Z,2017-08-07T14:42:01Z,['0xe634b4f' 477261]
7b8afeb6-e381-4c63-b9dc-1189738d030d,SWR137L,HBJBC,BCS1,0x4B17E0,EPWA,LSZH,['2000' '2212' '6373'],2017-08-07T12:31:33Z,2017-08-07T15:08:49Z,['0xe63257d' 476610]
7bb977a8-c79b-411c-b51a-974a06e60c04,AMC490,9HAEK,A320,0x4D2021,LMML,LSZH,['0000' '6574' '0441' '1000' '3000' '2000'],2017-08-07T12:05:18Z,2017-08-07T14:41:28Z,['0xe630bd7' 487706]
7bdba7a9-6ad0-450e-b1d7-9e821736d970,KLM1961,NA,NA,0x484163,EHAM,LSZH,['1000'],2017-08-07T13:49:23Z,2017-08-07T14:46:36Z,[486580]
7dcfd55c-97f9-4fa4-bb59-2b0aedf53182,SWR1175,OELGI,DH8D,0x440110,EDDS,LSZH,['0133'],2017-08-07T17:25:30Z,2017-08-07T17:48:48Z,[479808 '0xe6401e4']
7e6b9043-5a5a-4aae-8301-cbfd0071d2eb,SWR151E,HBIJP,A320,0x4B1619,LOWG,LSZH,['0000' '7351' '1000'],2017-08-07T17:46:15Z,2017-08-07T18:54:55Z,['0xe640e10' 468783]
7fe5bf32-b181-47c4-8c7b-e40001168ce6,VLG6246,ECHHA,A320,0x3413CB,LEBL,LSZH,['0000' '5536' '2522'],2017-08-07T05:09:23Z,2017-08-07T06:45:36Z,['0xe624954' 464600]
80c54dd2-fc82-4a5f-8fe6-747f0a95bc4d,SWR197,HBJHL,A333,0x4B1885,ZBAA,LSZH,['0000' '6714' '3723' '1000' '7324'],2017-08-07T04:54:58Z,2017-08-07T09:15:28Z,['0xe618be9' 464324]
81b75f72-7091-4853-b7de-c3d0939f14b0,SWR72TL,HBIJJ,A320,0x4B1613,LSGG,LSZH,['0000' '1000'],2017-08-07T07:56:18Z,2017-08-07T08:44:16Z,['0xe628cd9' 469496]
823e399b-6054-454b-96e4-1a72b9b80539,KLM1963,PHEZI,E190,0x484C25,EHAM,LSZH,['1000'],2017-08-07T15:26:45Z,2017-08-07T16:26:16Z,[489589 '0xe63a8ea']
8299c710-6820-4ba0-9d30-9dbc9c8e4450,LOT411,SPLDK,E170,0x48978A,EPWA,LSZH,['6540' '4533' '1000' '3556'],2017-08-07T06:02:20Z,2017-08-07T07:31:59Z,['0xe625dab']
82b530ab-5bb2-4ca3-902c-86034199bf54,KLM41H,PHBGH,B737,0x484B8F,EHAM,LSZH,['1000'],2017-08-07T19:18:57Z,2017-08-07T20:44:06Z,['0xe644cf7' 494311]
82cce90d-195a-42df-8c7d-6e0a6f56c372,GWI6P,DAGWF,A319,0x3C5EE6,EDDK,LSZH,['0610' '0000'],2017-08-07T17:24:02Z,2017-08-07T18:06:35Z,[475112 '0xe63fb00']
82fe7be4-83c9-4691-8d19-286b13cb970e,BAW714T,NA,NA,0x40087C,EGLL,LSZH,['2234'],2017-08-07T12:03:33Z,2017-08-07T13:15:40Z,[476119]
83261c43-ab84-4b2b-9ccc-56f943d56c67,NLY8JA,HBJOX,A321,0x4B1947,LEPA,LSZH,['0000' '3044' '1000'],2017-08-07T08:19:23Z,2017-08-07T10:12:41Z,['0xe62970d' 474624]
832a872d-5237-4bfa-be31-581f0caa6712,SWR70T,HBIOK,A321,0x4B1696,EHAM,LSZH,['0000' '1000' '2003' '' '3071'],2017-08-07T18:08:09Z,2017-08-07T19:29:41Z,['0xe641ce2' 485085]
839bb883-85e4-459a-8e03-c4271b171e60,OEIPW,NA,NA,0x440793,LOWS,LSZH,['7332' '1000'],2017-08-07T10:49:09Z,2017-08-07T11:31:48Z,[490086]
85001d61-cdb9-4bae-9ead-8543d8de317a,SWR284H,HBJLP,A320,0x4B18F1,LEVC,LSZH,['0000' '5526'],2017-08-07T07:54:15Z,2017-08-07T09:42:58Z,['0xe628bd0']
858ea880-136e-478d-af33-c4700ac4621f,BER8582,DABNM,A320,0x3C49CD,EDDL,LSZH,['0000' '1000' '2535'],2017-08-07T04:41:50Z,2017-08-07T05:40:38Z,['0xe623d99' 467104]
85f7cc0b-c829-4d3f-93d3-4d1c98f4074a,CPA383,BKQM,B77W,0x780A61,VHHH,LSZH,['0000' '5341' '6255' '2246'],2017-08-07T00:02:07Z,2017-08-07T04:32:48Z,['0xe607e1b' 460484]
8644457a-13ce-407b-9ad3-060ef66b5c4f,DLH9TT,DAECB,E190,0x3C5462,EDDF,LSZH,['0000' '1000'],2017-08-07T05:36:23Z,2017-08-07T06:39:06Z,['0xe6253f7' 463167]
86e71287-3f97-4369-8da5-15bbe70b01a0,SWR831R,NA,NA,0x4B1693,LGAV,LSZH,['2026' '1000'],2017-08-07T10:59:20Z,2017-08-07T13:18:32Z,[472695]
87a5faba-3061-4d9c-aefa-d99e998236da,GSW1495,HBJOH,A319,0x4B1937,LEJR,LSZH,['4517' '0000' '1000'],2017-08-07T15:13:21Z,2017-08-07T17:37:35Z,[479582 '0xe639cf0']
87abaae1-aeb7-4d01-a132-0a33f023cff2,SWR805G,HBIJS,A320,0x4B161C,LSGG,LSZH,['0000' '1000'],2017-08-07T05:22:41Z,2017-08-07T06:11:20Z,['0xe624f0f' 465783]
87b58785-e7b1-4bac-8abc-75f3f2b1e89b,SWR1197,NA,NA,0x440110,EDDN,LSZH,['6651'],2017-08-07T05:11:22Z,2017-08-07T05:49:04Z,[463299]
883bbb1b-ac64-4721-9b89-970a63daa5ab,EZY78YM,GEZFD,A319,0x405F0C,EDDH,LSZH,['0000' '1121'],2017-08-07T05:18:19Z,2017-08-07T06:53:19Z,['0xe624d3e' 462656]
88f8180d-6731-42aa-a2b4-bdf42a8d62af,VLG6930,ECMGE,A320,0x344698,LIRF,LSZH,['0000' '2000' '1000'],2017-08-07T17:37:29Z,2017-08-07T19:15:19Z,['0xe640820' 484603]
89c2b293-245f-4def-ae35-4b78345d6689,TAP932,CSTNP,A320,0x4951D0,LPPT,LSZH,['4757' '5451' '1000'],2017-08-07T08:38:16Z,2017-08-07T11:07:08Z,['0xe629e2c']
8a380aa3-77e3-48f5-843c-58a6c52664ef,SWR569,HBIJN,A320,0x4B1617,LFMN,LSZH,['0000' '1000' '3050'],2017-08-07T12:56:10Z,2017-08-07T14:20:23Z,['0xe633682']
8a975716-5401-4551-9f27-7f6a63f43953,SWR285K,HBIJR,A320,0x4B161B,LHBP,LSZH,['0000' '1000' '1114'],2017-08-07T12:40:44Z,2017-08-07T14:23:26Z,['0xe632b57']
8ac17563-77f8-4c08-a76d-05d1ef7723eb,VLG7979,ECMBY,A320,0x34454B,LKPR,LSZH,['0000' '1000'],2017-08-07T07:22:48Z,2017-08-07T08:33:57Z,['0xe627f79']
8b1ef645-2beb-423b-95eb-01ef7831c9cf,HBCNK,HBCNK,F152,0x4B06A4,LSZH,LSZH,['0000' '7000'],2017-08-07T16:41:31Z,2017-08-07T17:42:54Z,['0xe63e129']
8b7f9c51-4dfb-4123-95b6-155336aa747d,EWG5KH,DAEWP,A320,0x3C56F0,EDDH,LSZH,['0000' '1122' '1074' '2000'],2017-08-07T11:54:59Z,2017-08-07T13:15:51Z,['0xe630ad2']
8c6f0161-5b73-4e20-909a-91c69768bbf6,BER3DU,DABFB,A320,0x3C48C2,EDDL,LSZH,['1000'],2017-08-07T15:22:46Z,2017-08-07T16:12:38Z,[483154 '0xe63a147']
8d39035d-4e2f-4a80-adf7-8ea8b9f65fb9,DLH6TW,NA,NA,0x3C4DCD,EDDM,LSZH,['1000'],2017-08-07T13:45:06Z,2017-08-07T14:24:40Z,[467592]
8d627a84-bf3c-4817-ba48-b78e4b4267e5,SWR155,HBJHE,A333,0x4B187E,VABB,LSZH,['0000' '3667'],2017-08-07T22:57:08Z,2017-08-07T23:59:54Z,['0xe645870']
8e7abf5b-e766-4c27-8343-89915ad21677,SWR1663,HBIJH,A320,0x4B1611,LIPZ,LSZH,['0000' '0221' '1000'],2017-08-07T13:14:51Z,2017-08-07T14:13:19Z,['0xe634510' 477098]
8eac712e-69ce-42b8-ad0e-cb616925b373,SWR126D,HBJBB,BCS1,0x4B17DF,ESGG,LSZH,['3522' '0000' '1000'],2017-08-07T18:12:43Z,2017-08-07T20:09:34Z,[484399 '0xe6420ba']
8ec426c6-df4a-481f-aabc-d3f3e2379805,SWR46J,NA,NA,0x4B19F5,EGLC,LSZH,['5666'],2017-08-07T09:51:52Z,2017-08-07T11:03:16Z,[464662]
8f471ace-b8ed-4790-9fdc-b2ea67651046,AUA569,OELBI,A320,0x440665,LOWW,LSZH,['0000' '1000' '2000'],2017-08-07T11:15:54Z,2017-08-07T12:29:34Z,['0xe62f145' 469760]
8f68a58a-74ad-468b-84d3-901c74cedd6f,SWR57PU,HBIJH,A320,0x4B1611,LSGG,LSZH,['0000' '1000'],2017-08-07T09:08:56Z,2017-08-07T09:59:51Z,['0xe62acd6' 470791]
8fa752c5-bf50-4fdb-9514-671271dcf779,SWR171R,HBIOD,A321,0x4B168F,LIRF,LSZH,['0000' '1000' '5513'],2017-08-07T18:15:47Z,2017-08-07T19:42:58Z,['0xe642289' 485087]
8fd470c2-b404-4bca-ba82-55f74b18d12c,SWR118P,HBJVF,F100,0x4B19EB,EDDM,LSZH,['1000'],2017-08-07T19:14:11Z,2017-08-07T20:01:30Z,['0xe6443ba' 470396]
908dfef3-7b80-43be-9730-d71194c27416,SWR107K,HBION,A321,0x4B1699,EDDH,LSZH,['0000' '1103' '5763'],2017-08-07T07:57:31Z,2017-08-07T09:21:26Z,['0xe628d44' 469120]
9128b885-e959-4e05-9380-d2c88a5ce249,EDW331,HBJLS,A320,0x4B18F4,LGZA,LSZH,['0000' '2012' '1000'],2017-08-07T07:41:16Z,2017-08-07T10:02:13Z,['0xe6286e4' 468167]
91558c7f-c3ba-4707-b7b6-51ae26b40701,SWR2511,HBIJN,A320,0x4B1617,LICP,LSZH,['0000' '0217' '7316' '1000'],2017-08-07T08:01:46Z,2017-08-07T09:57:18Z,['0xe628e50' 469121]
91eb52c2-bf31-4727-a877-778aa905c539,CTN460,NA,NA,0x501DC4,LDZA,LSZH,['7313' '1000'],2017-08-07T07:08:35Z,2017-08-07T08:33:32Z,[467169]
91ef6d0b-fde7-4a50-8799-f6b3f714b61a,HZNSA,NA,NA,NA,LFBD,LSZH,['1000'],2017-08-07T10:16:35Z,2017-08-07T11:19:00Z,[471661]
9336ede2-17ae-455e-bd9e-0dc2c53cce0d,NLY6LZ,HBJOV,A321,0x4B1945,GCFV,LSZH,['0000' '4456' '6222' '1000'],2017-08-07T16:51:08Z,2017-08-07T20:42:54Z,['0xe63e83f' 486463]
93b461df-ddcf-407b-9952-c1edf5838e06,HBCNK,HBCNK,F152,0x4B06A4,LSZB,LSZH,['0000' '7000'],2017-08-07T09:24:42Z,2017-08-07T10:33:01Z,['0xe62b1a4']
93bc8d4e-57ce-4379-8c63-1661a582556f,CFE45J,GLCYF,E170,0x406098,EGLC,LSZH,['2227' '0000'],2017-08-07T15:11:04Z,2017-08-07T16:24:52Z,[482143 '0xe639c64']
93dc3ae2-5511-4c7a-9aae-b5bc3c07e2c0,DLH5YJ,DAIRL,A321,0x3C664C,EDDF,LSZH,['0000' '1000' '1006'],2017-08-07T14:30:14Z,2017-08-07T15:19:50Z,['0xe637d5a' 485105]
9419e35e-7f1f-442a-992b-2712b989c9c5,SWR109W,HBIOO,A321,0x4B169A,EDDH,LSZH,['0000' '1126' '6543' '3070' '1000'],2017-08-07T13:01:10Z,2017-08-07T14:23:20Z,['0xe633a4b' 477099]
9519c499-3094-430a-b2e1-9fd077f624fc,SWR63J,HBIJS,A320,0x4B161C,LFPG,LSZH,['1000'],2017-08-07T18:57:59Z,2017-08-07T19:52:47Z,['0xe643d77' 486344]
95787aa0-ee0e-41c3-9755-0d321a6a3fd5,ADR31Z,S5AAN,CRJ9,0x506C19,LJLJ,LSZH,['6501' '0000' '1000'],2017-08-07T11:50:16Z,2017-08-07T12:42:28Z,[461023 '0xe63096e']
96cdd67e-f3a9-4b61-922d-c20a9d9ee7b1,BER5L,DABFE,A320,0x3C48C5,EDDL,LSZH,['1000'],2017-08-07T08:16:17Z,2017-08-07T09:10:21Z,[471155 '0xe62910b']
97caa6ae-9653-428c-8c10-fe6f873004a9,SWR47F,HBJVQ,E190,0x4B19F6,EGLC,LSZH,['5673' '0000' '1000'],2017-08-07T12:49:46Z,2017-08-07T14:11:45Z,[460705 '0xe633003']
98ce4970-0cad-4b4d-9b6d-e5b1cbdaf616,BAW712,GEUUB,A320,0x40097D,EGLL,LSZH,['0000' '0761' '3420' '3410' '7646'],2017-08-07T08:34:15Z,2017-08-07T10:12:08Z,['0xe629be6']
99bb5fe8-5fd0-43f6-89cf-4f3a8fbabf1c,KKK2TA,TCETN,A321,0x4B968E,LTBA,LSZH,['1016' '1021' '7365' '1000'],2017-08-07T08:54:26Z,2017-08-07T11:52:55Z,['0xe62a2e6']
9a36c6ee-3e4a-44c5-a076-78e446002998,SWR152A,HBIJJ,A320,0x4B1613,LOWW,LSZH,['0000' '1000' '5515'],2017-08-07T17:04:08Z,2017-08-07T18:11:41Z,['0xe63f14b' 483472]
9aaa15b0-fcd7-44d8-8339-a9e5db33a80a,AUA553,OELBT,A320,0x44006C,LOWW,LSZH,['1000' '2000'],2017-08-07T14:50:10Z,2017-08-07T16:14:35Z,[476016 '0xe63885c']
9b389884-f554-4268-ad3e-f32fde0723cb,SAS609,OYKAP,A320,0x45AC30,EKCH,LSZH,['0000' '2717' '5626'],2017-08-07T16:40:48Z,2017-08-07T18:18:26Z,['0xe63e0e0' 488080]
9c6bbc10-76fc-48c7-81a0-e38201be44a6,SWR163W,HBJVP,E190,0x4B19F5,LIMC,LSZH,['0000' '1000'],2017-08-07T05:16:27Z,2017-08-07T06:18:30Z,['0xe624c82' 452049]
9c73f59c-f7b1-4fa4-87a1-6b3a6f634210,AFR1414,FGUGK,A318,0x3950CA,LFPG,LSZH,['5630' '1000' '7624' '7626'],2017-08-07T19:19:08Z,2017-08-07T20:22:06Z,['0xe644b50' 494589]
9cb9be82-0abe-4afa-970a-b087e678e4ba,GWI8UB,DAGWS,A319,0x3C5EF3,EDDK,LSZH,['0135' '0000' '3577'],2017-08-07T09:24:47Z,2017-08-07T10:09:49Z,[464827 '0xe62b42d']
9d04602d-8493-4268-8f2b-463aaed7ec6d,SWR9K,HBJNF,B77W,0x4B191B,KORD,LSZH,['0000' '2000' '2224'],2017-08-07T06:03:31Z,2017-08-07T08:19:20Z,['0xe61bf6c' 465546]
9d5bf098-1689-4ede-a40e-b0d42c6ef036,SWR225Z,HBIJE,A320,0x4B160E,LHBP,LSZH,['0000' '4243' '1000' '5513'],2017-08-07T07:49:45Z,2017-08-07T09:29:45Z,['0xe628a5c' 469002]
9d8b8733-10f2-407a-bf3b-237826c0f3da,EDW337,HBIJW,A320,0x4B1620,LGSR,LSZH,['0000' '2012' '2211' '1000'],2017-08-07T15:39:21Z,2017-08-07T18:29:19Z,['0xe63b26b' 485485]
9e3603bf-b15f-43bf-a988-1b3097353b34,SWR787,HBIPV,A319,0x4B16BB,EBBR,LSZH,['1000' '1004' '1103'],2017-08-07T08:15:46Z,2017-08-07T09:14:37Z,[469375 '0xe6294ca']
9e85bf5c-a6be-4492-bcf2-ec9bcae9d19d,QTR093,NA,NA,0x06A102,OTHH,LSZH,['3243'],2017-08-07T02:12:01Z,2017-08-07T04:39:20Z,[465770]
9e9695f5-08ff-4d4a-acd3-bff895ccac1a,SWR1189,OELGI,DH8D,0x440110,EDDN,LSZH,['6665'],2017-08-07T08:55:33Z,2017-08-07T09:32:36Z,['0xe62a528']
9eb5b35d-62bc-41d2-a799-425160e2eb6d,ASL11C,YUAPG,A320,0x4C01E6,LYBE,LSZH,['0000' '7374' '4665' '4522' '7333' '4512' '1000'],2017-08-07T16:24:30Z,2017-08-07T18:17:24Z,['0xe63d4f3' 489988]
9ec12a46-0399-4775-9cc0-e4a9a0b727e4,NLY967A,HBJOX,A321,0x4B1947,GCTS,LSZH,['4535' '6222' '1000'],2017-08-07T15:47:22Z,2017-08-07T20:51:48Z,['0xe63b895' 484904]
9ee18b41-a252-48fa-b212-2dd82e382219,SWR30K,HBIPV,A319,0x4B16BB,EGLL,LSZH,['0000' '2020'],2017-08-07T13:06:47Z,2017-08-07T14:38:58Z,['0xe633a81' 476948]
9f547532-2ba0-4600-b0e9-97f048508ac4,SWR44KX,HBJBG,BCS1,0x4B17E4,LSGG,LSZH,['2000' '1000'],2017-08-07T03:25:45Z,2017-08-07T04:46:15Z,['0xe621f3a' 463960]
9f5be3c2-5ddf-4a17-b6d5-2a8f075dda96,SWR32V,HBIOK,A321,0x4B1696,EGLL,LSZH,['0000' '5674'],2017-08-07T07:46:41Z,2017-08-07T09:29:09Z,['0xe62891f' 468987]
a046a2cc-d6ad-41ca-a9f4-581209c640d4,SWR53T,HBJHC,A333,0x4B187C,KBOS,LSZH,['2243' '0000' '1000'],2017-08-07T06:59:30Z,2017-08-07T09:19:08Z,[466293 '0xe61f8a3']
a159b2ce-608b-407c-8d47-befb19e35b88,SWR139U,NA,NA,NA,LIMC,LSZH,['1000'],2017-08-07T08:14:42Z,2017-08-07T08:49:52Z,[469612]
a1dad1da-9c1d-4c34-8566-8e545ebf61a9,EDW311,HBIHY,A320,0x4B15EE,EGPH,LSZH,['0000' '5665'],2017-08-07T18:40:36Z,2017-08-07T20:45:15Z,['0xe6433d2' 487821]
a1e92bde-7b3b-40f9-bcc9-78004b21170a,NLY5WA,HBJOW,A321,0x4B1946,LEPA,LSZH,['0000' '5543' '1000'],2017-08-07T18:39:52Z,2017-08-07T20:23:01Z,['0xe64330b' 490820]
a1f8410f-c0ee-4cbe-9af1-e3f0874ee0f0,ELY347,4XEKC,B738,0x738065,LLBG,LSZH,['7257' '1000'],2017-08-07T05:31:31Z,2017-08-07T09:53:45Z,['0xe625226' 478406]
a275ee83-a6c5-4267-b02b-8dd02e6268ae,DLH6TW,DACNM,CRJ9,0x3C4DCD,EDDM,LSZH,['1000'],2017-08-07T13:46:46Z,2017-08-07T14:15:50Z,['0xe635c2d']
a3c5aaa9-0640-4ffc-b9ed-c68a76ff5c54,GWI7XB,DAGWI,A319,0x3C5EE9,EDDL,LSZH,['1000'],2017-08-07T15:45:03Z,2017-08-07T16:41:28Z,[472390 '0xe63b3ac']
a431cd13-2177-4338-8776-4d1b48634307,SWR100F,HBJVL,E190,0x4B19F1,LIMC,LSZH,['0000' '1000' '3503'],2017-08-07T12:37:22Z,2017-08-07T13:53:10Z,['0xe6328dc' 462247]
a4a7263d-b8a6-459d-b111-c6d1da986f97,SWR99L,S5AAO,CRJ9,0x506C1A,EDDC,LSZH,['0000' '4137'],2017-08-07T18:34:02Z,2017-08-07T19:32:59Z,['0xe642f43']
a5837898-7e04-4cf3-b87c-c0c256ecac4d,SWR1311,HBIPU,A319,0x4B16BA,ULLI,LSZH,['0000' '5703' '6543' '1000' '1126' '2020'],2017-08-07T11:13:27Z,2017-08-07T14:24:51Z,['0xe62ef9a' 473956]
a6315071-86e4-4809-a3ef-47283aafb186,BER3RY,HBIOP,A320,0x4B169B,EDDT,LSZH,['0000' '1111' '3067' '0334'],2017-08-07T06:53:00Z,2017-08-07T08:07:25Z,['0xe627287' 469802]
a65566e7-1fbe-4b1a-9fd0-3777404e99e1,SWR17P,HBJHK,A333,0x4B1884,KJFK,LSZH,['2005' '0000'],2017-08-07T03:51:55Z,2017-08-07T06:08:59Z,[464436 '0xe617626']
a6ac1c4f-15eb-4f53-a846-10d7d7d8bd75,SAZ72,HBJRC,CL60,0x4B1980,LEPA,LSZH,['0000' '1275'],2017-08-07T16:29:48Z,2017-08-07T17:15:38Z,['0xe63d8dd' 496649]
a7765a0b-a749-4c4f-9234-9aed3ae6918c,SWR97Q,HBJBG,BCS1,0x4B17E4,EDDT,LSZH,['0000' '1130'],2017-08-07T18:30:53Z,2017-08-07T20:26:42Z,['0xe642680' 486053]
a78ed28d-f651-4631-a732-1f230f0a0c16,SWR1109,NA,NA,0x506C1A,EDDM,LSZH,['1000'],2017-08-07T15:25:56Z,2017-08-07T15:56:32Z,[490358]
a7c432ae-b7e1-4d40-b510-c47ca1b87a0d,SAS601,NA,NA,0x45ACC8,EKCH,LSZH,['0237' '1000'],2017-08-07T05:19:29Z,2017-08-07T06:50:00Z,[451676]
a7d118b1-e9d1-4226-9cff-b9b57a7834a2,SWR425,HBJVC,F100,0x4B19E8,EGBB,LSZH,['0000' '2270' '1000'],2017-08-07T17:52:17Z,2017-08-07T19:33:09Z,['0xe641205' 469688]
a7d352fe-8d49-4c1a-84fe-189d272bbd0e,STC049B,NA,NA,NA,LFKJ,LSZH,['1000'],2017-08-07T13:38:48Z,2017-08-07T14:51:00Z,[468271]
a82cb9d6-c524-4a3f-9e28-908722658384,SWR901,HBJVF,F100,0x4B19EB,EDDP,LSZH,['0000' '1000'],2017-08-07T15:42:36Z,2017-08-07T16:49:23Z,['0xe63b390' 465592]
a8546eac-2329-4911-9522-ead19a2538ea,SAS4841,LNRRA,B737,0x4784A0,ENGM,LSZH,['0000' '2702'],2017-08-07T04:50:40Z,2017-08-07T07:08:22Z,['0xe624174' 470091]
a85d1357-36b4-4720-8de3-cf70a16dcbd6,SWR1059,HBIJB,A320,0x4B160B,EDDH,LSZH,['1102' '1000'],2017-08-07T17:36:32Z,2017-08-07T18:50:31Z,['0xe640669' 483336]
a9f5ca2a-8d60-4c33-b411-0edb0f9b78ea,EZY64FH,GEZRM,A320,0x40739F,LFMN,LSZH,['1000'],2017-08-07T15:29:29Z,2017-08-07T16:39:16Z,['0xe63aa79' 479613]
aa7146eb-e661-459d-ac8e-8893ce3653cc,DLH4CF,DAIUN,A320,0x3C66AE,EDDF,LSZH,['0000' '1000' '3255'],2017-08-07T04:41:50Z,2017-08-07T05:29:34Z,['0xe623dab' 469747]
aab5e8b0-d3bb-437f-a655-86b18f05641b,SWR214C,HBIJH,A320,0x4B1611,LEVC,LSZH,['0000' '1026' '3006' '3074'],2017-08-07T18:03:19Z,2017-08-07T19:51:01Z,['0xe6419bf' 484829]
ab551b41-16f7-410b-a9ea-af42b4f265d4,SWR339,HBIJR,A320,0x4B161B,EGLL,LSZH,['2065' '1000'],2017-08-07T19:07:28Z,2017-08-07T20:41:57Z,['0xe64460b' 486917]
abb6f31b-413c-43e8-b1b1-76467a90eae3,SWR2033,HBIPY,A319,0x4B16BE,LEMD,LSZH,['0000' '5344' '1000'],2017-08-07T18:00:12Z,2017-08-07T20:06:16Z,['0xe641766' 484542]
ad3ce416-0d05-4a76-99b0-a46deed72929,KKK2TA,NA,NA,0x4B968E,LTBA,LSZH,['7365' '1000'],2017-08-07T09:27:23Z,2017-08-07T11:43:32Z,[482274]
aeec9416-18a9-42af-b6b0-3d131244e556,EWG5LB,DAEWW,A320,0x3C56F7,EDDL,LSZH,['1000'],2017-08-07T17:25:46Z,2017-08-07T18:14:59Z,[475493 '0xe63fa99']
afe2fedc-a98c-4e9d-bd80-b4c8de2d6fc2,SWR327,HBIOO,A321,0x4B169A,EGLL,LSZH,['0000' '2003' '1000'],2017-08-07T17:53:16Z,2017-08-07T19:22:22Z,['0xe64120c' 484537]
b0a13d51-a072-45be-86cf-932d447f6b9b,CFE94C,NA,NA,0x40609A,EGLC,LSZH,['5670'],2017-08-07T18:56:21Z,2017-08-07T20:10:00Z,[486131]
b1399a6a-1e27-4bef-b667-329057e3e752,SWR54F,OELGN,DH8D,0x4404D4,LFLL,LSZH,['1000'],2017-08-07T08:40:18Z,2017-08-07T09:31:32Z,[464911 '0xe62a0b4']
b14f9c15-de11-43c9-ab1f-398bb884d3a3,SWR44M,HBIOL,A321,0x4B1697,EIDW,LSZH,['0000' '2064'],2017-08-07T10:25:20Z,2017-08-07T12:30:10Z,['0xe62d28a' 472424]
b15c11c2-0633-4e6e-abbe-5d5c7521179a,GSW2259,HBJOH,A319,0x4B1937,LYNI,LSZH,['0000' '6523' '1000' '1063'],2017-08-07T08:32:55Z,2017-08-07T10:28:27Z,['0xe629b64' 469447]
b1a7e77f-2826-4859-b8b4-4c2b66c68e6b,SWR47WY,HBJBF,BCS1,0x4B17E3,LSGG,LSZH,['1000'],2017-08-07T16:42:28Z,2017-08-07T17:48:33Z,['0xe63e264' 482871]
b1dff82a-f218-4d30-9405-7006647b39fa,SWR789,HBIJD,A320,0x4B160D,EBBR,LSZH,['1000' '0000'],2017-08-07T18:16:26Z,2017-08-07T19:14:12Z,[485350 '0xe641ff1']
b245196f-dc27-4e83-b27e-ed468a2d3a1e,SWR227Z,NA,NA,NA,LEMG,LSZH,['5315'],2017-08-07T11:25:56Z,2017-08-07T13:40:32Z,[474683]
b275ea8b-e2fc-4c45-84a3-de7d48a3dea1,HBPMC,HBPMC,PA28,0x4B28D6,LSZC,LSZH,['7000'],2017-08-07T08:13:42Z,2017-08-07T09:46:36Z,['0xe629303']
b4b5e49f-c6db-4c5a-9cf8-3c9a12906cab,SWR115G,OELGR,DH8D,0x44077A,EDDN,LSZH,['6663' '0000'],2017-08-07T13:15:30Z,2017-08-07T14:01:48Z,[473216 '0xe634724']
b5047210-cb95-4a36-9888-02549789e5a0,AEE8RZ,SXDVK,A320,0x4692CB,LGAT,LSZH,['0000' '2002' '2025' '2017' '3561' '1000'],2017-08-07T06:21:57Z,2017-08-07T08:59:36Z,['0xe62670b' 463414]
b544f08d-850b-48d7-b59b-fcb0d0283dff,SWR40C,HBJVN,E190,0x4B19F3,EGLC,LSZH,['0000' '2252' '5565'],2017-08-07T19:17:14Z,2017-08-07T21:01:59Z,['0xe644d05' 470515]
b74e1278-3bee-4739-92c2-ed567032d173,BAW710,GEUPM,A319,0x40087C,EGLL,LSZH,['0000' '2062' '2704'],2017-08-07T06:09:44Z,2017-08-07T07:39:22Z,['0xe626013' 468153]
b7e68a69-8097-4ef6-9b52-9c4aaa5a355d,SWR1585,HBIPX,A319,0x4B16BD,LOWW,LSZH,['0000' '1000'],2017-08-07T04:37:36Z,2017-08-07T05:45:06Z,['0xe623aaf' 464523]
b843aeb5-8f5f-4d5a-b891-3af1eee89f38,HBCNK,HBCNK,F152,0x4B06A4,LSZB,LSZH,['0000'],2017-08-07T15:15:45Z,2017-08-07T15:35:51Z,['0xe63a014']
b84de5c7-c359-433e-8d71-ee7a177f62f6,SWR117R,HBJVE,F100,0x4B19EA,EDDS,LSZH,['0000' '2544'],2017-08-07T04:00:47Z,2017-08-07T04:37:27Z,['0xe622cec' 449762]
b87095a3-cde2-40ff-85a9-9e040b980c28,BAW14R,NA,NA,0x4006C7,EGLL,LSZH,['2257'],2017-08-07T14:16:40Z,2017-08-07T15:26:40Z,[479677]
b8778610-25a7-4570-b3c2-2639020a460c,EZY93RB,GEZWA,A320,0x406752,EHAM,LSZH,['0000' '1000' '2253'],2017-08-07T05:49:23Z,2017-08-07T07:11:18Z,['0xe625aa7' 463242]
ba3bee91-9841-4c17-b91b-a83a9d214534,VPCGG,NA,NA,NA,LSZH,LSZH,['3066' '6241'],2017-08-07T15:22:51Z,2017-08-07T16:01:20Z,[493011]
baabe749-ad76-4363-8320-9f614bc64797,EDW177,HBIHZ,A320,0x4B15EF,LTAI,LSZH,['0000' '5173' '7320' '1000'],2017-08-07T08:12:19Z,2017-08-07T11:38:05Z,['0xe6293fc' 473318]
bacd714b-abd6-46c3-bfb2-145a2c784fe2,BER6YL,HBIOP,A320,0x4B169B,EDDT,LSZH,['0000' '1114'],2017-08-07T10:57:24Z,2017-08-07T12:23:58Z,['0xe62e551']
bbc90fdb-a8e3-4009-8d95-816982ac2d50,UAE85,A6EUH,A388,0x896472,OMDB,LSZH,['6220' '3210'],2017-08-07T12:28:54Z,2017-08-07T17:43:27Z,['0xe62fc59' 487720]
bbdc85e5-b206-4cef-b169-4dcf08148b4a,SWR47Z,HBJVF,F100,0x4B19EB,EGBB,LSZH,['0000' '5675' '0611'],2017-08-07T07:53:38Z,2017-08-07T09:32:49Z,['0xe628bd4' 456211]
bcea9562-8bca-4960-8af0-905f8bc3f1f6,SWR829,HBJVG,F100,0x4B19EC,EDDV,LSZH,['1000' '0000' '2270'],2017-08-07T18:47:50Z,2017-08-07T19:54:32Z,[486047 '0xe643888']
bcee3857-076a-4b2d-9cd4-3a7476d7c1f2,SWR179,HBJNG,B77W,0x4B191C,WSSS,LSZH,['3673'],2017-08-07T23:09:45Z,2017-08-07T23:59:57Z,['0xe63c65b']
bd83df38-6355-45bd-ba03-562356360ebb,SWR257,HBJHG,A333,0x4B1880,LLBG,LSZH,['0000' '7232' '1000' '2005'],2017-08-07T01:55:17Z,2017-08-07T06:04:02Z,['0xe61f835' 469525]
bdd03963-1e52-4e43-9150-73bb269070c5,VLG7979,NA,NA,0x34454B,LKPR,LSZH,['1000'],2017-08-07T07:35:42Z,2017-08-07T08:28:40Z,[468520]
bde71bc2-2f03-4af3-8b4e-6339e92f07ad,SWR139U,HBIYZ,RJ1H,0x4B17A9,LIMC,LSZH,['0000' '1000'],2017-08-07T08:05:06Z,2017-08-07T08:53:53Z,['0xe6290d5']
bea6339b-7a38-43e6-8436-176850b2b609,KLM1961,PHBXK,B738,0x484163,EHAM,LSZH,['1000'],2017-08-07T13:44:23Z,2017-08-07T14:49:50Z,['0xe6358a5']
bf9d2d42-5fe4-4f14-9e25-194644887153,BAW720T,GEUOC,A319,0x400938,EGLL,LSZH,['0000' '2055'],2017-08-07T18:51:01Z,2017-08-07T20:43:01Z,['0xe643ad5' 488177]
bfdec847-f05d-4b98-9402-684cdffdce9b,NJE540C,NA,NA,NA,LIMJ,LSZH,['0467' '1000'],2017-08-07T12:51:24Z,2017-08-07T13:31:24Z,[479748]
c0cacb95-12b2-47bf-adf3-eab2897b9c83,SWR65,NA,NA,NA,KMIA,LSZH,['2365'],2017-08-07T07:13:17Z,2017-08-07T08:47:24Z,[468835]
c14677c1-1871-4bf0-9194-fa9973f12965,SWR43K,HBIYZ,RJ1H,0x4B17A9,EGLC,LSZH,['0000' '5667'],2017-08-07T16:21:23Z,2017-08-07T17:46:32Z,['0xe63d2a8' 482433]
c256a723-83ff-4315-9b0f-baf53da43aaa,EZY46NT,GEZBA,A319,0x400EFB,EGKK,LSZH,['1077' '5672' '3451'],2017-08-07T06:18:13Z,2017-08-07T07:59:45Z,['0xe6263dc' 463497]
c2df561e-c7ed-447c-96e8-7d0bc15db00f,EDW403,NA,NA,0x4B161E,BKPR,LSZH,['4172' '6530' '1000'],2017-08-07T07:54:59Z,2017-08-07T09:40:12Z,[472546]
c3cadb40-fb9c-45b8-8c48-f3ac47fc12aa,GSW2549,HBJOG,A319,0x4B1936,LEPA,LSZH,['0000' '1063'],2017-08-07T08:57:11Z,2017-08-07T10:53:39Z,['0xe62a7c0' 477002]
c418d448-c5eb-4c53-94c3-cff492a8b9f3,HBPLY,HBPLY,P28A,0x4B28D2,LSGG,LSZH,['0000' '7000'],2017-08-07T09:03:58Z,2017-08-07T09:07:07Z,['0xe62a124']
c51eb7ae-c2f9-41d3-ac51-dcda65376b6f,SWR1353,HBJVH,F100,0x4B19ED,EPWA,LSZH,['0000' '6524' '1000'],2017-08-07T17:45:07Z,2017-08-07T19:34:39Z,['0xe640c03' 468674]
c5b495a3-0d6b-4d80-9632-e46648c9cece,SWR169A,NA,NA,0x4B169A,EKCH,LSZH,['0751'],2017-08-07T08:30:58Z,2017-08-07T09:53:40Z,[468869]
c5bac07f-e669-455c-8767-b413b3717d2b,TAP932,NA,NA,NA,LPPT,LSZH,['4757' '1000'],2017-08-07T08:48:39Z,2017-08-07T11:02:28Z,[477269]
c5c36fb8-de34-4165-853e-50bdfbe17c28,AFR18NN,FGUGG,A318,0x3950C6,LFPG,LSZH,['1000' '3126'],2017-08-07T14:45:25Z,2017-08-07T15:35:16Z,[488556 '0xe63821e']
c602fa5b-126b-4b2f-af91-31d26844bd3f,SWR63D,HBIOD,A321,0x4B168F,LFPG,LSZH,['1000' '5513'],2017-08-07T08:32:57Z,2017-08-07T09:27:03Z,['0xe6296df']
c68d8319-8e88-43f8-838a-225f325e7798,SWR831R,HBIOH,A321,0x4B1693,LGAT,LSZH,['0000' '2026' '1000' '5315'],2017-08-07T10:52:58Z,2017-08-07T13:21:52Z,['0xe62e221']
c698e4e5-78b2-4eb4-9aa1-af0e5898008d,SWR164L,HBJVG,F100,0x4B19EC,LIMC,LSZH,['0000' '1000'],2017-08-07T09:15:31Z,2017-08-07T10:01:27Z,['0xe62afd8']
c6f9a013-f2fe-4d0a-a668-3b4fcf68eec9,PGT59JZ,TCCPI,B738,0x4B8E09,LTFJ,LSZH,['6353' '0773' '7323' '3447' '1000' '5500'],2017-08-07T08:55:19Z,2017-08-07T11:52:12Z,['0xe62a373']
c7508048-6cbb-4e7c-98d1-0b70572c29e4,BER8588,DABFE,A320,0x3C48C5,EDDL,LSZH,['1000'],2017-08-07T12:34:48Z,2017-08-07T13:27:38Z,['0xe63256a' 478617]
c751e97b-6b73-4397-849c-d93f33752471,XGO3ZH,NA,NA,NA,LFMD,LSZH,['1000'],2017-08-07T12:03:34Z,2017-08-07T13:09:20Z,[465914]
c77c7c13-e809-45f9-8f29-21e3a59c8c93,SWR1957,HBIOC,A321,0x4B168E,LEBL,LSZH,['0000' '5513' '1000'],2017-08-07T18:08:09Z,2017-08-07T19:36:56Z,['0xe641d47' 485090]
c7d01bce-1f4d-4165-bc63-6658941a760c,KLM57C,PHBGI,B737,0x484B90,EHAM,LSZH,['1000' '2143'],2017-08-07T07:45:35Z,2017-08-07T09:03:54Z,['0xe6287c7' 478067]
c7e196cd-f912-4cfd-9cca-8e809c82623e,SWR963,HBIJH,A320,0x4B1611,EDDT,LSZH,['0000' '1124' '3021' '1000'],2017-08-07T04:53:50Z,2017-08-07T06:19:19Z,['0xe62414c' 464861]
c86fb370-da0e-4973-852a-1519e5842098,EDW5L,HBJHR,A333,0x4B188B,KTPA,LSZH,['2233' '0000'],2017-08-07T08:11:45Z,2017-08-07T10:46:42Z,[464733 '0xe61b91e']
c87b1eaf-b0fc-4549-9079-580ee22dfcce,ABP759,NA,NA,0x49D0E0,LZIB,LSZH,['4411' '1000'],2017-08-07T05:36:17Z,2017-08-07T06:51:40Z,[464012]
c917d9e8-8d78-4103-87f3-c49fe5d38456,EZY19RM,GEZED,A319,0x400A6B,LIPZ,LSZH,['0266' '6662'],2017-08-07T09:41:49Z,2017-08-07T10:47:08Z,[468008 '0xe62bbf7']
c91cf0ac-4164-43dc-97fa-27ace7d37c3b,SWR108Z,HBIPY,A319,0x4B16BE,EDDL,LSZH,['1000' '6543'],2017-08-07T13:01:43Z,2017-08-07T13:59:44Z,['0xe6334f0' 477097]
ca4a96bc-1975-43ea-8e2e-1c26e054e3ed,GSW3027,HBJOI,A321,0x4B1938,LGIR,LSZH,['0000' '2051' '1000'],2017-08-07T09:55:41Z,2017-08-07T12:55:01Z,['0xe62c297' 471194]
cb5c7ea8-c48d-45ec-add9-2fdbbbfc0c2f,SWR243,HBJHG,A333,0x4B1880,OMDB,LSZH,['0517'],2017-08-07T23:33:19Z,2017-08-07T23:59:56Z,['0xe64c875']
cc025afa-8fc1-4647-8510-a4d33387e42a,AUA565Z,OELBI,A320,0x440665,LOWW,LSZH,['2000' '1000'],2017-08-07T15:06:23Z,2017-08-07T16:50:23Z,['0xe63966a' 477838]
cc0e2d04-3eb6-49a4-9204-f0aa1484176d,SWR174B,HBIJB,A320,0x4B160B,LIRF,LSZH,['0000' '1000'],2017-08-07T07:40:01Z,2017-08-07T09:15:22Z,['0xe628667' 468991]
cc88574a-631e-49ff-b5c0-d114aaf1c4f9,PGT59JZ,NA,NA,0x4B8E09,LTFJ,LSZH,['7323' '1000'],2017-08-07T09:39:39Z,2017-08-07T11:44:56Z,[484456]
cce41ada-c3cd-4681-9d75-aa8a9f274952,SWR121E,HBJVL,E190,0x4B19F1,ENGM,LSZH,['3525' '2721'],2017-08-07T08:07:19Z,2017-08-07T10:18:14Z,['0xe62912f' 456432]
cd40fe92-e3d5-44ed-9451-fba6a676dd5c,SWR1325,HBIPY,A319,0x4B16BE,UUDD,LSZH,['0000' '2121' '5125' '1000'],2017-08-07T06:01:26Z,2017-08-07T09:41:17Z,['0xe625e96' 466735]
ce4d60a5-8772-4326-b64d-d397a517977b,SWR345,HBIOM,A321,0x4B1698,EGLL,LSZH,['0000' '5666' '1000'],2017-08-07T05:14:10Z,2017-08-07T06:40:36Z,['0xe624971' 465244]
cf58be1b-c346-41e3-b66d-3e67f1405c8b,IBE3464,ECKOY,A319,0x3430C4,LEMD,LSZH,['0000' '5377'],2017-08-07T06:43:24Z,2017-08-07T08:36:49Z,['0xe626f6f' 479367]
d0be375f-810d-49e7-971d-09b6f76b2d20,SWR1487,HBIPX,A319,0x4B16BD,LKPR,LSZH,['0000' '1000'],2017-08-07T12:30:49Z,2017-08-07T13:50:28Z,['0xe632405' 476608]
d156f3fd-4752-4b23-8c31-70be0cef9905,TWI303,TCTLE,B734,0x4BD185,LTAI,LSZH,['0000' '6640' '7356' '6463'],2017-08-07T09:53:13Z,2017-08-07T13:29:34Z,['0xe62c16c' 467969]
d26874c8-8268-4218-aeb4-938efa565a2d,ABP752,NA,NA,NA,LIEE,LSZH,['0207' '1000'],2017-08-07T11:51:50Z,2017-08-07T13:11:48Z,[467681]
d2b53203-4349-46a0-aa4b-21d3cd0f4b10,SWR145K,HBIOF,A321,0x4B1691,LGAT,LSZH,['0000' '2030' '1000'],2017-08-07T15:04:13Z,2017-08-07T17:30:49Z,['0xe63945e' 479747]
d2bff8bd-798c-461d-a15c-a9a039ab79a7,SWR1327,HBIJQ,A320,0x4B161A,UUDD,LSZH,['1546' '6263' '6530' '1000'],2017-08-07T14:51:39Z,2017-08-07T18:18:54Z,['0xe638b3d' 479363]
d3b5c6dd-ce97-4f52-b247-8360da9e2348,SWR164L,NA,NA,NA,LIMC,LSZH,['1000'],2017-08-07T09:21:21Z,2017-08-07T09:56:20Z,[458136]
d3d9759b-512c-4b80-acf3-0de304d50f1b,SWR1579,HBJLS,A320,0x4B18F4,LOWW,LSZH,['0000' '1000'],2017-08-07T12:51:25Z,2017-08-07T14:08:55Z,['0xe633326' 476947]
d3e2c9c4-9824-43af-ac4b-1b1a1707044e,KLM47B,NA,NA,0x484CC2,EHAM,LSZH,['1000'],2017-08-07T05:10:53Z,2017-08-07T06:20:20Z,[472745]
d46eed4f-9452-440c-bf4c-1438435bed3f,SWR48TP,HBJVN,E190,0x4B19F3,LSGG,LSZH,['1000'],2017-08-07T13:44:26Z,2017-08-07T14:33:28Z,['0xe635855' 463178]
d4766bda-a973-4bb6-861a-1c67cc807701,GSW8757,HBJOG,A319,0x4B1936,OLBA,LSZH,['0000' '5672' '5361' '1000' '2000'],2017-08-07T01:22:45Z,2017-08-07T05:40:20Z,['0xe61e877' 460025]
d5fb7c06-edb3-462f-b1e2-c3969c0cbae4,HBFKC,HBFKC,PC6T,0x4B0E3A,LSZC,LSZH,['4270'],2017-08-07T15:42:34Z,2017-08-07T15:54:07Z,['0xe63b2b4']
d65f66ff-17db-4b16-8385-66e4189e6d5a,SIA346,9VSKP,A388,0x76CD70,WSSS,LSZH,['0114' '3216' '1000'],2017-08-07T01:33:41Z,2017-08-07T06:25:04Z,['0xe60e952' 459466]
d6a3b555-a852-4e9d-9182-1dfb8a12e77f,BAW14R,GBZHB,B763,0x4006C7,EGLL,LSZH,['0000' '2257' '5470'],2017-08-07T13:44:23Z,2017-08-07T15:30:57Z,['0xe6321fc']
d76f3c28-aeba-416f-a325-f5543bc5c91b,UAL52,N68061,B764,0xA9067B,KIAD,LSZH,['5661' '2060'],2017-08-07T03:58:21Z,2017-08-07T06:03:26Z,['0xe616e3d']
d7b2f629-e328-4007-aa30-a5b2e9e7a768,SWR211V,HBJLP,A320,0x4B18F1,LEMG,LSZH,['0000' '5303' '5565'],2017-08-07T18:15:41Z,2017-08-07T20:48:51Z,['0xe6421a9' 485244]
d8822563-da27-4da6-81a6-6b55b4d4afb9,SWR569,NA,NA,NA,LFMN,LSZH,['1000'],2017-08-07T13:12:34Z,2017-08-07T14:15:20Z,[477335]
d8ec5a7e-85e7-4002-965a-3c9df7840790,NLY4YZ,HBJOV,A321,0x4B1945,LGIR,LSZH,['0000' '5517' '3056' '1000' '6457'],2017-08-07T08:07:53Z,2017-08-07T10:58:36Z,['0xe6291fe' 472332]
d928caf1-0e97-45a8-b3e2-a22d84d28c11,DLH4NE,DAIUH,A320,0x3C66A8,EDDF,LSZH,['1000'],2017-08-07T11:30:08Z,2017-08-07T12:10:50Z,['0xe62f741' 479458]
d9d9768e-f712-40a0-8ba1-0a095869d991,AUI471,URGBA,B733,0x508272,UKBB,LSZH,['7356' '0000' '1000'],2017-08-07T07:27:35Z,2017-08-07T10:19:09Z,[476679 '0xe62815d']
d9ea42ec-3def-4a48-a2b7-458cc37c247c,VLG7580,ECLVU,A320,0x3443D5,LPPR,LSZH,['5423' '2370'],2017-08-07T09:23:54Z,2017-08-07T11:38:56Z,['0xe62b29b' 477034]
dac22ae1-c857-4502-bd72-42e5220bb1aa,SWR565,HBIJI,A320,0x4B1612,LFMN,LSZH,['0000' '1000' '3064'],2017-08-07T04:17:07Z,2017-08-07T05:51:24Z,['0xe6233b3' 464994]
dc7abccc-7d9f-4585-abf9-f5a34d581707,AZA4DG,EIIMW,A319,0x4CAAA8,LIRF,LSZH,['1000'],2017-08-07T14:02:49Z,2017-08-07T15:28:12Z,['0xe63686b' 484695]
dc842c56-482a-4c80-ac3e-434ab30ce508,GSW9519,HBJOH,A319,0x4B1937,LWSK,LSZH,['0000' '4336' '1000'],2017-08-07T02:11:02Z,2017-08-07T04:17:06Z,['0xe61ff5c' 461702]
dcb26214-a049-489f-a1b6-fecfea2f801c,SWR65,HBJHF,A333,0x4B187F,KMIA,LSZH,['2000' '2365'],2017-08-07T07:09:12Z,2017-08-07T08:49:54Z,['0xe61b5bc']
ddda28f5-3af5-49da-9f7e-a43af0b427ad,SWR819,HBJVG,F100,0x4B19EC,EDDV,LSZH,['0000' '1000' '3052'],2017-08-07T05:08:02Z,2017-08-07T06:12:51Z,['0xe6248cc' 451909]
dddf4a24-d5ba-409b-b9e9-2e63ccb024b6,EDW371F,HBIHX,A320,0x4B15ED,LCLK,LSZH,['0000' '5642' '1000' '3034'],2017-08-07T09:46:50Z,2017-08-07T13:43:39Z,['0xe62be6e' 476321]
de885bd6-a3b4-4168-84f9-52b50691784b,AEA1675,ECLKM,E195,0x343697,LEMD,LSZH,['0000' '5344'],2017-08-07T05:48:48Z,2017-08-07T07:48:20Z,['0xe625987' 469042]
def4b76a-cdb0-4421-960d-120c05308f9f,TAP922,CSTPV,E190,0x495216,LPPR,LSZH,['5415' '0000' '3337' '1000'],2017-08-07T06:17:57Z,2017-08-07T08:25:16Z,[453402 '0xe6265bc']
dfc46ba4-9a15-436f-a394-4b30ba12420b,GWI764,DAIQN,A320,0x3C662E,EDDK,LSZH,['2534' '0000' '1000'],2017-08-07T05:25:01Z,2017-08-07T06:21:43Z,[463067 '0xe624feb']
dfd7ed9f-a7ac-4db3-913a-435b648f1dcf,SWR96P,HBJVQ,E190,0x4B19F6,EDDT,LSZH,['0000' '1136' '2265'],2017-08-07T08:02:45Z,2017-08-07T09:27:09Z,['0xe628fbe' 455848]
e010a590-ca4f-4e0b-b4f5-669342799aa9,N254SD,NA,NA,NA,LIML,LSZH,['0471' '1000'],2017-08-07T11:43:50Z,2017-08-07T12:14:52Z,[473808]
e0212734-a431-4961-a4b3-281a102b43c5,SWR110K,S5AAO,CRJ9,0x506C1A,EDDM,LSZH,['0000' '1000'],2017-08-07T12:05:36Z,2017-08-07T12:40:28Z,['0xe631233' 467799]
e132b674-19a9-45e5-8472-6e5c88e0c72c,AFR161G,FGRHV,A319,0x3944F5,LFPG,LSZH,['0000' '1000'],2017-08-07T11:40:14Z,2017-08-07T12:45:45Z,['0xe6300a3' 482727]
e1a318f9-8939-4f80-baf1-83453b1dc802,SWR199B,HBIOH,A321,0x4B1693,LEBL,LSZH,['0000' '5515' '1042' '1000'],2017-08-07T16:34:50Z,2017-08-07T18:11:35Z,['0xe63dcaa' 482760]
e258ac34-2efb-46cb-8c90-4f303a5acbca,SWR51Y,OELGI,DH8D,0x440110,LFLL,LSZH,['1000' '0000'],2017-08-07T13:02:18Z,2017-08-07T13:58:04Z,[473210 '0xe633c30']
e2cbf295-b362-4f4b-8aea-44234016419a,SWR2069,HBIJJ,A320,0x4B1613,LPPR,LSZH,['0000' '5425' '1000'],2017-08-07T02:10:16Z,2017-08-07T04:36:48Z,['0xe61ff01' 461910]
e401d195-3adf-496f-8cf7-789c59eec5d1,SWR915,S5AAO,CRJ9,0x506C1A,EDDC,LSZH,['4145' '0000'],2017-08-07T07:33:41Z,2017-08-07T08:30:16Z,[467785 '0xe628472']
e40b4ea5-2adf-42ad-ab69-f62b4b16d086,AMC486,9HAEJ,A319,0x4D2020,LMML,LSZH,['0000' '6561' '1000' '2000'],2017-08-07T16:09:51Z,2017-08-07T18:50:41Z,['0xe63c6a8' 488238]
e42a65df-f7e8-4d47-a49c-4ec8ea4b1a05,DLH3HW,DAILI,A319,0x3C6589,EDDF,LSZH,['1000'],2017-08-07T16:29:36Z,2017-08-07T17:11:10Z,['0xe63d781' 488358]
e4d43cb5-9079-4484-8d3f-24cd71330ece,HBFKC,HBFKC,PC6T,0x4B0E3A,LSZC,LSZH,['2345' '4270'],2017-08-07T14:08:57Z,2017-08-07T14:20:58Z,['0xe636c6c']
e5dc65a6-672f-44e1-a725-1716c223c1f3,SWR657,HBJBA,BCS1,0x4B17DE,LFPG,LSZH,['0000' '1000' '2000'],2017-08-07T17:14:47Z,2017-08-07T18:09:23Z,['0xe63f809' 483116]
e6c5d597-f84f-4644-9c8e-26da2396f37d,EDW15J,HBJMG,A343,0x4B1902,CYYC,LSZH,['0000' '2222'],2017-08-07T05:39:16Z,2017-08-07T09:09:19Z,['0xe61b88f']
e7093b43-064e-429c-8b4d-6540fa9c053d,SWR29AP,OELGN,DH8D,0x4404D4,LSZA,LSZH,['0436' '1000'],2017-08-07T17:06:03Z,2017-08-07T17:35:20Z,[479536 '0xe63f2d1']
e8406763-57a2-4e9b-bbc1-e97b1a9b4fe0,SWR7M,HBJHJ,A333,0x4B1883,KORD,LSZH,['2026' '0000' '2021'],2017-08-07T02:09:39Z,2017-08-07T04:28:59Z,[463143 '0xe612029']
e85f22bf-bc4f-4150-882c-eb111e9a8578,SWR39,HBJNH,B77W,0x4B191D,KSFO,LSZH,['2000' '2045' '3024'],2017-08-07T11:06:21Z,2017-08-07T14:23:14Z,['0xe62168d']
e9c02696-7c85-4328-9566-530043dc665e,SWR189,HBJMA,A343,0x4B18FC,ZSPD,LSZH,['0000' '5772' '3702' '3707' '1000'],2017-08-07T09:14:55Z,2017-08-07T13:31:02Z,['0xe61ea93' 465664]
e9c46264-a2f7-44f1-9269-d8f2b028b509,SWR1623,HBJBC,BCS1,0x4B17E0,LIMC,LSZH,['2000' '1000' '5670'],2017-08-07T17:00:21Z,2017-08-07T18:29:04Z,['0xe63ee7f' 483601]
e9dddbf2-27a7-412e-99d3-ae45978a89e1,SWR122F,HBIJP,A320,0x4B1619,ESSA,LSZH,['0000' '3532' '5711' '5323' '3053'],2017-08-07T13:06:25Z,2017-08-07T15:28:16Z,['0xe633e54' 477551]
e9f7f904-f9a0-4928-b097-fccaef131ec6,OAW105,HBJVQ,E190,0x4B19F6,BKPR,LSZH,['0000' '1316' '4171' '1000'],2017-08-07T17:45:04Z,2017-08-07T19:44:05Z,['0xe640d17' 467963]
ea0e6d5f-2e0f-408d-b6a6-ce6bc3415f8b,THA970,HSTKZ,B77W,0x88517A,VTBS,LSZH,['2763' '3203'],2017-08-07T01:06:45Z,2017-08-07T05:39:10Z,['0xe60f636' 460599]
eaafc400-3923-4b91-accf-8d86dff3fa3c,SWR103Q,HBJLQ,A320,0x4B18F2,EDDL,LSZH,['1000'],2017-08-07T17:49:52Z,2017-08-07T18:41:20Z,['0xe640e7b' 484935]
eb9640b0-0b30-4c26-b8a6-cac66a2df2db,SWR133B,HBIPU,A319,0x4B16BA,LKPR,LSZH,['0000' '1000' '2003'],2017-08-07T17:53:33Z,2017-08-07T18:58:21Z,['0xe6412f8' 484943]
ebb665ed-286f-4e44-bb62-3ca7758ca8b8,SWR161,HBJMH,A343,0x4B1903,RJAA,LSZH,['0000' '3130' '6501' '1000'],2017-08-07T09:24:41Z,2017-08-07T13:39:21Z,['0xe61e817' 464238]
ebd8a8e9-872b-41ac-8e2c-dbfed16f800f,SWR73KU,OELGR,DH8D,0x44077A,LSZA,LSZH,['0434' '0000' '1000'],2017-08-07T05:29:46Z,2017-08-07T06:07:20Z,[463306 '0xe6251fb']
ecaaee91-927b-4a67-b27d-a5367a6307bf,PJS702,NA,NA,NA,LSGG,LSZH,['1000'],2017-08-07T14:03:50Z,2017-08-07T14:38:40Z,[463662]
ecd4b030-f291-45f3-bf13-449242f0977c,SWR729,HBJLT,A320,0x4B18F5,EHAM,LSZH,['1000'],2017-08-07T13:27:04Z,2017-08-07T14:39:04Z,['0xe634bfe' 477096]
ecf5d7ea-11df-449c-b043-3cffbbc167c6,VLG1388,ECLQN,A320,0x344285,LEAL,LSZH,['0000' '1031' '1000'],2017-08-07T15:54:07Z,2017-08-07T17:58:52Z,['0xe63be2b' 482113]
ed3e7c2c-ea62-460a-8971-bfedd942c7f3,NLY2UR,HBJOU,A321,0x4B1944,LIBR,LSZH,['0000' '3724' '1000'],2017-08-07T11:56:08Z,2017-08-07T14:53:36Z,['0xe630ae8']
ed54b6ab-b284-4fc3-890c-4be57f815a2d,TJJ101,NA,NA,0x452023,LGMK,LSZH,['5513' '1000'],2017-08-07T06:15:39Z,2017-08-07T09:01:12Z,[464236]
ed7645f4-cfa1-45e4-a71a-da1d442aade8,NJE887A,NA,NA,0x493281,EDDR,LSZH,['4107'],2017-08-07T12:00:51Z,2017-08-07T12:31:26Z,[490401]
eea71e1a-fbd6-420f-84bc-3c6677392966,SWR381,HBJLS,A320,0x4B18F4,EGCC,LSZH,['0000' '2253' '2724'],2017-08-07T17:45:56Z,2017-08-07T19:29:17Z,['0xe640da9' 484668]
eefb1e15-cfe1-4a53-a581-910a5ff2082e,HBFOW,NA,NA,0x4B0EB6,EDQD,LSZH,['6663'],2017-08-07T09:23:14Z,2017-08-07T10:34:08Z,[466953]
ef19640a-ac4f-4c3c-b082-8aad5a939fc6,SWR77E,HBIJR,A320,0x4B161B,EHAM,LSZH,['0000' '2000' '1000' '2054' '3051'],2017-08-07T07:58:46Z,2017-08-07T09:23:11Z,['0xe628de3']
ef326e2b-315b-4cf7-aab5-9e5fb17ea80c,SWR145D,NA,NA,0x4B18F5,LYBE,LSZH,['7324' '1000'],2017-08-07T07:42:08Z,2017-08-07T09:20:08Z,[468530]
ef503419-0ce4-4bd0-8133-2e90a0eda551,AUA561B,OELBO,A320,0x44001B,LOWW,LSZH,['0000' '2000' '1000' '4503'],2017-08-07T04:59:04Z,2017-08-07T07:07:54Z,['0xe623803' 463136]
f059b9f4-42a0-4f22-8897-e797e2b73e00,SWR75G,HBJVE,F100,0x4B19EA,ELLX,LSZH,['2000' '7174'],2017-08-07T16:55:36Z,2017-08-07T17:38:28Z,['0xe63e87d' 467525]
f093dc65-9d78-4a20-8b3f-15104ba71537,SWR169A,HBIOO,A321,0x4B169A,EKCH,LSZH,['0000' '0751' '2054' '3051'],2017-08-07T08:16:03Z,2017-08-07T09:57:57Z,['0xe6295b2']
f26b965c-bb45-417e-b598-43795c051a43,SAS4704,LNRRH,B738,0x478690,ENGM,LSZH,['0744'],2017-08-07T14:27:39Z,2017-08-07T16:35:15Z,[484991 '0xe63764a' '0xe63abe7']
f2a86cd5-4f0c-4fd5-968d-0bca7e92872e,UAL134,N69059,B764,0xA92DDF,KEWR,LSZH,['2067' '1154'],2017-08-07T03:59:35Z,2017-08-07T06:21:28Z,[468434 '0xe616535']
f2e6eae0-a7d6-4465-9607-f7a303ec8a83,SWR153H,OELGN,DH8D,0x4404D4,EDDS,LSZH,['0137' '0000'],2017-08-07T13:41:29Z,2017-08-07T14:11:00Z,[473952 '0xe635a99']
f2e990e6-a58a-475f-b59a-173116524604,TAP926G,NA,NA,NA,LPPT,LSZH,['4725' '1000'],2017-08-07T13:43:03Z,2017-08-07T15:51:24Z,[480033]
f381071e-dda7-4125-b969-0972c444e6fe,ACA878,CFRSO,B789,0xC02EC7,CYYZ,LSZH,['2032' '2000'],2017-08-07T03:45:52Z,2017-08-07T05:59:52Z,[466955 '0xe617d7f']
f3a7bc60-6751-46b6-ac6f-b33a321c0b45,UAL52,NA,NA,0xA9067B,KIAD,LSZH,['2060'],2017-08-07T03:53:40Z,2017-08-07T05:59:36Z,[467749]
f4ac550f-a49b-4cf9-b66f-1a26f2ae3ec4,FTY8,NA,NA,0x440325,LOWI,LSZH,['7336' '1000'],2017-08-07T05:50:38Z,2017-08-07T06:34:04Z,[452796]
f56f9019-fa7c-4802-805f-36ab5ddea48a,IBE3476,ECMFO,A319,0x34508A,LEMD,LSZH,['0000' '5350' '5362'],2017-08-07T17:57:42Z,2017-08-07T19:59:54Z,['0xe641590' 496779]
f6586641-111d-4c34-a34a-09944b288de3,SWR155,NA,NA,0x4B1887,VABB,LSZH,['3613' '7355' '1000'],2017-08-07T01:16:25Z,2017-08-07T04:06:00Z,[460466]
f7c2f54c-a11e-400a-96e8-c02a2acdf1c1,SWR325,HBJCA,BCS3,0x4B17F8,EGLL,LSZH,['0000' '5670' '2000'],2017-08-07T16:51:18Z,2017-08-07T18:42:26Z,['0xe63d236' 482332]
f901e4d5-b622-434e-8c8a-a48a112d800f,SWR64D,HBJBA,BCS1,0x4B17DE,LFPG,LSZH,['0000' '1000' '2000'],2017-08-07T05:25:17Z,2017-08-07T06:31:20Z,['0xe624f47' 465245]
f908ed85-4992-4468-ac20-5f86e1abf4bf,BAW718,GEUOD,A319,0x40093D,EGLL,LSZH,['2237' '0000' '2045'],2017-08-07T15:39:56Z,2017-08-07T17:23:05Z,['0xe63a819' 482427]
f950c705-b673-4b00-9729-79d4b9cdc8ca,SWR147,NA,NA,0x4B187E,VIDP,LSZH,['3240'],2017-08-07T01:45:52Z,2017-08-07T04:23:24Z,[460654]
fded0be8-b5cd-498d-a162-84d9eaeecbf1,SWR95M,HBIJM,A320,0x4B1616,EDDT,LSZH,['0000' '1120' '3007'],2017-08-07T14:30:08Z,2017-08-07T15:51:11Z,['0xe637d44' 479357]
fdf93c76-8f7d-4498-9f50-3179469df61b,SWR239,HBIJF,A320,0x4B160F,HECA,LSZH,['0000' '7335' '2025' '1000'],2017-08-07T01:00:35Z,2017-08-07T04:47:17Z,['0xe61dc2b' 461246]
fe81dcd0-b124-4fe0-83a2-4d1ca27240de,SWR1737,HBJLQ,A320,0x4B18F2,LIRF,LSZH,['0000' '1000' '6564'],2017-08-07T13:17:56Z,2017-08-07T14:44:49Z,['0xe63470c' 477757]
fee8e9c8-70c8-430b-8786-3629d2e2e501,SWR179,HBJNA,B77W,0x4B1916,WSSS,LSZH,['3617' '5361' '1000'],2017-08-07T00:28:41Z,2017-08-07T05:19:21Z,['0xe60b203' 459831]
